{
	"credit": "Made with Blockbench",
	"texture_size": [32, 32],
	"textures": {
		"1": "item/fez",
		"particle": "item/fez"
	},
	"elements": [
		{
			"from": [4, 20, 4],
			"to": [11, 21, 11],
			"rotation": {"angle": 0, "axis": "y", "origin": [6, 20, 4]},
			"faces": {
				"north": {"uv": [10.516, 5.016, 13.984, 5.484], "texture": "#1"},
				"east": {"uv": [10.516, 5.516, 13.984, 5.984], "texture": "#1"},
				"south": {"uv": [2.516, 11.016, 5.984, 11.484], "texture": "#1"},
				"west": {"uv": [11.016, 6.016, 14.484, 6.484], "texture": "#1"},
				"up": {"uv": [3.484, 3.484, 0.016, 0.016], "texture": "#1"},
				"down": {"uv": [3.484, 3.516, 0.016, 6.984], "texture": "#1"}
			}
		},
		{
			"from": [4, 17, 4],
			"to": [11, 20, 11],
			"rotation": {"angle": 0, "axis": "y", "origin": [6, 15, 7]},
			"faces": {
				"north": {"uv": [8.516, 8.516, 11.984, 9.984], "texture": "#1"},
				"east": {"uv": [8.516, 8.516, 11.984, 9.984], "texture": "#1"},
				"south": {"uv": [8.516, 8.516, 11.984, 9.984], "texture": "#1"},
				"west": {"uv": [8.516, 8.516, 11.984, 9.984], "texture": "#1"},
				"up": {"uv": [6.984, 3.484, 3.516, 0.016], "texture": "#1"},
				"down": {"uv": [6.984, 3.516, 3.516, 6.984], "texture": "#1"}
			}
		},
		{
			"from": [5, 19, 5],
			"to": [10, 23, 10],
			"rotation": {"angle": 0, "axis": "y", "origin": [6, 19, 7]},
			"faces": {
				"north": {"uv": [6.016, 9.516, 8.484, 11.484], "texture": "#1"},
				"east": {"uv": [6.016, 9.516, 8.484, 11.484], "texture": "#1"},
				"south": {"uv": [6.016, 9.516, 8.484, 11.484], "texture": "#1"},
				"west": {"uv": [6.016, 9.516, 8.484, 11.484], "texture": "#1"},
				"up": {"uv": [8.484, 9.484, 6.016, 7.016], "texture": "#1"},
				"down": {"uv": [10.984, 6.016, 8.516, 8.484], "texture": "#1"}
			}
		},
		{
			"name": "sssssssssssssssss",
			"from": [3, 17, 4],
			"to": [4, 18, 11],
			"rotation": {"angle": 0, "axis": "y", "origin": [4, 17, 4]},
			"faces": {
				"north": {"uv": [7.516, 11.516, 7.984, 11.984], "texture": "#1"},
				"east": {"uv": [11.016, 6.516, 14.484, 6.984], "texture": "#1"},
				"south": {"uv": [8.016, 11.516, 8.484, 11.984], "texture": "#1"},
				"west": {"uv": [11.016, 6.516, 14.484, 6.984], "texture": "#1"},
				"up": {"uv": [11.484, 13.484, 11.016, 10.016], "texture": "#1"},
				"down": {"uv": [2.984, 11.516, 2.516, 14.984], "texture": "#1"}
			}
		},
		{
			"name": "sssssssssssssssss",
			"from": [11, 17, 4],
			"to": [12, 18, 11],
			"rotation": {"angle": 0, "axis": "y", "origin": [12, 17, 4]},
			"faces": {
				"north": {"uv": [7.516, 11.516, 7.984, 11.984], "texture": "#1"},
				"east": {"uv": [11.016, 6.516, 14.484, 6.984], "texture": "#1"},
				"south": {"uv": [8.016, 11.516, 8.484, 11.984], "texture": "#1"},
				"west": {"uv": [11.016, 6.516, 14.484, 6.984], "texture": "#1"},
				"up": {"uv": [11.484, 13.484, 11.016, 10.016], "texture": "#1"},
				"down": {"uv": [2.984, 11.516, 2.516, 14.984], "texture": "#1"}
			}
		},
		{
			"name": "sssssssssssssssss",
			"from": [4, 17, 3],
			"to": [11, 18, 4],
			"rotation": {"angle": 0, "axis": "y", "origin": [4, 17, 12]},
			"faces": {
				"north": {"uv": [11.016, 7.016, 14.484, 7.484], "texture": "#1"},
				"east": {"uv": [0.516, 12.516, 0.984, 12.984], "texture": "#1"},
				"south": {"uv": [11.016, 7.016, 14.484, 7.484], "texture": "#1"},
				"west": {"uv": [1.016, 12.516, 1.484, 12.984], "texture": "#1"},
				"up": {"uv": [14.484, 7.984, 11.016, 7.516], "texture": "#1"},
				"down": {"uv": [14.484, 8.016, 11.016, 8.484], "texture": "#1"}
			}
		},
		{
			"name": "sssssssssssssssss",
			"from": [4, 17, 11],
			"to": [11, 18, 12],
			"rotation": {"angle": 0, "axis": "y", "origin": [4, 17, 20]},
			"faces": {
				"north": {"uv": [3.016, 11.516, 6.484, 11.984], "texture": "#1"},
				"east": {"uv": [0.516, 12.516, 0.984, 12.984], "texture": "#1"},
				"south": {"uv": [11.016, 7.016, 14.484, 7.484], "texture": "#1"},
				"west": {"uv": [1.016, 12.516, 1.484, 12.984], "texture": "#1"},
				"up": {"uv": [14.484, 7.984, 11.016, 7.516], "texture": "#1"},
				"down": {"uv": [14.484, 8.016, 11.016, 8.484], "texture": "#1"}
			}
		},
		{
			"from": [2, 19, 7],
			"to": [3, 21, 8],
			"rotation": {"angle": 0, "axis": "y", "origin": [2, 20, 7]},
			"faces": {
				"north": {"uv": [10.516, 12.016, 10.984, 12.984], "texture": "#1"},
				"east": {"uv": [11.516, 12.016, 11.984, 12.984], "texture": "#1"},
				"south": {"uv": [12.016, 12.016, 12.484, 12.984], "texture": "#1"},
				"west": {"uv": [0.016, 12.516, 0.484, 13.484], "texture": "#1"},
				"up": {"uv": [3.484, 12.984, 3.016, 12.516], "texture": "#1"},
				"down": {"uv": [3.984, 12.516, 3.516, 12.984], "texture": "#1"}
			}
		},
		{
			"from": [7, 23, 7],
			"to": [8, 24, 8],
			"rotation": {"angle": 0, "axis": "y", "origin": [6, 23, 7]},
			"faces": {
				"north": {"uv": [3.016, 12.516, 3.484, 12.984], "texture": "#1"},
				"east": {"uv": [3.016, 12.516, 3.484, 12.984], "texture": "#1"},
				"south": {"uv": [3.016, 12.516, 3.484, 12.984], "texture": "#1"},
				"west": {"uv": [3.016, 12.516, 3.484, 12.984], "texture": "#1"},
				"up": {"uv": [3.484, 12.984, 3.016, 12.516], "texture": "#1"},
				"down": {"uv": [3.484, 12.516, 3.016, 12.984], "texture": "#1"}
			}
		},
		{
			"from": [5, 23, 7],
			"to": [7, 24, 8],
			"rotation": {"angle": 0, "axis": "y", "origin": [5, 23, 7]},
			"faces": {
				"north": {"uv": [4.016, 12.516, 4.984, 12.984], "texture": "#1"},
				"east": {"uv": [4.516, 12.516, 4.984, 12.984], "texture": "#1"},
				"south": {"uv": [5.016, 12.516, 5.984, 12.984], "texture": "#1"},
				"west": {"uv": [10.516, 12.516, 10.984, 12.984], "texture": "#1"},
				"up": {"uv": [10.984, 12.984, 10.016, 12.516], "texture": "#1"},
				"down": {"uv": [7.484, 12.516, 6.516, 12.984], "texture": "#1"}
			}
		},
		{
			"from": [3, 21, 7],
			"to": [5, 23, 8],
			"rotation": {"angle": 0, "axis": "y", "origin": [3, 22, 7]},
			"faces": {
				"north": {"uv": [4.016, 12.516, 4.984, 13.484], "texture": "#1"},
				"east": {"uv": [4.516, 12.516, 4.984, 13.484], "texture": "#1"},
				"south": {"uv": [5.016, 12.516, 5.984, 13.484], "texture": "#1"},
				"west": {"uv": [10.516, 12.016, 10.984, 12.984], "texture": "#1"},
				"up": {"uv": [6.984, 12.984, 6.016, 12.516], "texture": "#1"},
				"down": {"uv": [7.484, 12.516, 6.516, 12.984], "texture": "#1"}
			}
		},
		{
			"from": [5, 21, 4],
			"to": [10, 22, 11],
			"rotation": {"angle": 0, "axis": "y", "origin": [6, 20, 3]},
			"faces": {
				"north": {"uv": [3.016, 12.016, 5.484, 12.484], "texture": "#1"},
				"east": {"uv": [11.516, 10.016, 14.984, 10.484], "texture": "#1"},
				"south": {"uv": [5.516, 12.016, 7.984, 12.484], "texture": "#1"},
				"west": {"uv": [11.516, 10.516, 14.984, 10.984], "texture": "#1"},
				"up": {"uv": [2.484, 10.484, 0.016, 7.016], "texture": "#1"},
				"down": {"uv": [9.484, 0.016, 7.016, 3.484], "texture": "#1"}
			}
		},
		{
			"from": [4, 21, 5],
			"to": [11, 22, 10],
			"shade": false,
			"rotation": {"angle": 0, "axis": "y", "origin": [4, 20, 6]},
			"faces": {
				"north": {"uv": [11.516, 11.016, 14.984, 11.484], "texture": "#1"},
				"east": {"uv": [8.016, 12.016, 10.484, 12.484], "texture": "#1"},
				"south": {"uv": [11.516, 11.516, 14.984, 11.984], "texture": "#1"},
				"west": {"uv": [12.016, 8.516, 14.484, 8.984], "texture": "#1"},
				"up": {"uv": [5.984, 9.484, 2.516, 7.016], "texture": "#1"},
				"down": {"uv": [10.484, 3.516, 7.016, 5.984], "texture": "#1"}
			}
		}
	],
	"gui_light": "front",
	"display": {
		"thirdperson_righthand": {
			"rotation": [68.75, 0.19, 6.5],
			"translation": [1.25, -1, -5.75],
			"scale": [0.5, 0.5, 0.5]
		},
		"thirdperson_lefthand": {
			"rotation": [68.75, 0.19, -6.5],
			"translation": [-1.25, -1.5, -5.75],
			"scale": [0.5, 0.5, 0.5]
		},
		"firstperson_righthand": {
			"translation": [0, -8.25, 0]
		},
		"firstperson_lefthand": {
			"translation": [0, -8.25, 0]
		},
		"ground": {
			"translation": [0.5, -8.5, 0],
			"scale": [0.5, 0.5, 0.5]
		},
		"gui": {
			"rotation": [16, 135, 0],
			"translation": [0, -15, -4.75],
			"scale": [1.3, 1.3, 1.3]
		},
		"head": {
			"translation": [0.5, -6, 0.75],
			"scale": [1.4, 1.4, 1.4]
		},
		"fixed": {
			"rotation": [-90, 0, 0],
			"translation": [0.75, 1, 18.5],
			"scale": [2, 2, 2]
		}
	},
	"groups": [
		{
			"name": "group",
			"origin": [8, 8, 8],
			"color": 0,
			"children": [
				0,
				1,
				2,
				{
					"name": "Okolo",
					"origin": [8, 8, 8],
					"color": 0,
					"children": [3, 4, 5, 6]
				},
				{
					"name": "group",
					"origin": [8, 8, 8],
					"color": 0,
					"children": [7, 8, 9, 10]
				},
				11,
				12
			]
		}
	]
}