{
	"credit": "Made with Blockbench",
	"texture_size": [32, 32],
	"textures": {
		"0": "item/horns1",
		"particle": "item/horns1"
	},
	"elements": [
		{
			"from": [1.30029, 2.46299, 7.1],
			"to": [3.30029, 4.46299, 10.1],
			"rotation": {"angle": 22.5, "axis": "z", "origin": [1.30029, 2.46299, 7.1]},
			"faces": {
				"north": {"uv": [9.016, 7.516, 9.984, 8.484], "texture": "#0"},
				"east": {"uv": [7.516, 0.016, 8.984, 0.984], "texture": "#0"},
				"south": {"uv": [9.016, 8.516, 9.984, 9.484], "texture": "#0"},
				"west": {"uv": [7.516, 1.016, 8.984, 1.984], "texture": "#0"},
				"up": {"uv": [2.484, 8.984, 1.516, 7.516], "texture": "#0"},
				"down": {"uv": [8.484, 2.016, 7.516, 3.484], "texture": "#0"}
			}
		},
		{
			"from": [0.30029, 2.46299, 7.1],
			"to": [1.30029, 4.46299, 10.1],
			"rotation": {"angle": 0, "axis": "z", "origin": [-0.69971, 2.46299, 7.1]},
			"faces": {
				"north": {"uv": [5.516, 7.516, 5.984, 8.484], "texture": "#0"},
				"east": {"uv": [2.516, 7.516, 3.984, 8.484], "texture": "#0"},
				"south": {"uv": [1.016, 10.016, 1.484, 10.984], "texture": "#0"},
				"west": {"uv": [7.516, 3.516, 8.984, 4.484], "texture": "#0"},
				"up": {"uv": [7.984, 9.984, 7.516, 8.516], "texture": "#0"},
				"down": {"uv": [8.484, 9.516, 8.016, 10.984], "texture": "#0"}
			}
		},
		{
			"from": [-0.54747, 3.22836, 7.1],
			"to": [0.45253, 5.22836, 10.1],
			"rotation": {"angle": -22.5, "axis": "z", "origin": [-1.54747, 3.22836, 7.1]},
			"faces": {
				"north": {"uv": [1.516, 10.016, 1.984, 10.984], "texture": "#0"},
				"east": {"uv": [4.016, 7.516, 5.484, 8.484], "texture": "#0"},
				"south": {"uv": [2.016, 10.016, 2.484, 10.984], "texture": "#0"},
				"west": {"uv": [7.516, 4.516, 8.984, 5.484], "texture": "#0"},
				"up": {"uv": [8.984, 10.984, 8.516, 9.516], "texture": "#0"},
				"down": {"uv": [9.484, 9.516, 9.016, 10.984], "texture": "#0"}
			}
		},
		{
			"from": [-2.0378, 4.25989, 7.1],
			"to": [-0.0378, 6.25989, 10.1],
			"rotation": {"angle": -45, "axis": "z", "origin": [-2.0378, 4.25989, 7.1]},
			"faces": {
				"north": {"uv": [9.516, 1.516, 10.484, 2.484], "texture": "#0"},
				"east": {"uv": [7.516, 5.516, 8.984, 6.484], "texture": "#0"},
				"south": {"uv": [9.516, 2.516, 10.484, 3.484], "texture": "#0"},
				"west": {"uv": [0.016, 8.016, 1.484, 8.984], "texture": "#0"},
				"up": {"uv": [8.984, 7.984, 8.016, 6.516], "texture": "#0"},
				"down": {"uv": [8.984, 8.016, 8.016, 9.484], "texture": "#0"}
			}
		},
		{
			"from": [-3.18585, 7.03153, 7.1],
			"to": [-1.18585, 10.03153, 10.1],
			"rotation": {"angle": 0, "axis": "z", "origin": [-3.18585, 9.03153, 7.1]},
			"faces": {
				"north": {"uv": [8.516, 2.016, 9.484, 3.484], "texture": "#0"},
				"east": {"uv": [3.016, 6.016, 4.484, 7.484], "texture": "#0"},
				"south": {"uv": [2.516, 8.516, 3.484, 9.984], "texture": "#0"},
				"west": {"uv": [6.016, 3.516, 7.484, 4.984], "texture": "#0"},
				"up": {"uv": [4.484, 9.984, 3.516, 8.516], "texture": "#0"},
				"down": {"uv": [5.484, 8.516, 4.516, 9.984], "texture": "#0"}
			}
		},
		{
			"from": [0.11025, 13.57481, 7.1],
			"to": [1.11025, 15.57481, 10.1],
			"rotation": {"angle": -22.5, "axis": "z", "origin": [-0.88975, 15.57481, 7.1]},
			"faces": {
				"north": {"uv": [2.516, 10.016, 2.984, 10.984], "texture": "#0"},
				"east": {"uv": [1.016, 9.016, 2.484, 9.984], "texture": "#0"},
				"south": {"uv": [3.016, 10.016, 3.484, 10.984], "texture": "#0"},
				"west": {"uv": [9.016, 3.516, 10.484, 4.484], "texture": "#0"},
				"up": {"uv": [9.984, 10.984, 9.516, 9.516], "texture": "#0"},
				"down": {"uv": [10.484, 0.016, 10.016, 1.484], "texture": "#0"}
			}
		},
		{
			"from": [-2.42049, 9.87929, 7.1],
			"to": [-0.42049, 13.87929, 10.1],
			"rotation": {"angle": -22.5, "axis": "z", "origin": [-2.42049, 11.87929, 7.1]},
			"faces": {
				"north": {"uv": [6.016, 6.516, 6.984, 8.484], "texture": "#0"},
				"east": {"uv": [0.016, 6.016, 1.484, 7.984], "texture": "#0"},
				"south": {"uv": [7.016, 6.516, 7.984, 8.484], "texture": "#0"},
				"west": {"uv": [6.016, 0.016, 7.484, 1.984], "texture": "#0"},
				"up": {"uv": [9.984, 5.984, 9.016, 4.516], "texture": "#0"},
				"down": {"uv": [9.984, 6.016, 9.016, 7.484], "texture": "#0"}
			}
		},
		{
			"from": [-2.80317, 4.10765, 7.1],
			"to": [-0.80317, 7.10765, 10.1],
			"rotation": {"angle": 22.5, "axis": "z", "origin": [-2.80317, 6.10765, 7.1]},
			"faces": {
				"north": {"uv": [5.516, 8.516, 6.484, 9.984], "texture": "#0"},
				"east": {"uv": [4.516, 6.016, 5.984, 7.484], "texture": "#0"},
				"south": {"uv": [6.516, 8.516, 7.484, 9.984], "texture": "#0"},
				"west": {"uv": [6.016, 5.016, 7.484, 6.484], "texture": "#0"},
				"up": {"uv": [0.984, 10.484, 0.016, 9.016], "texture": "#0"},
				"down": {"uv": [9.984, 0.016, 9.016, 1.484], "texture": "#0"}
			}
		},
		{
			"from": [12.69971, 2.46299, 7.1],
			"to": [14.69971, 4.46299, 10.1],
			"rotation": {"angle": -22.5, "axis": "z", "origin": [14.69971, 2.46299, 7.1]},
			"faces": {
				"north": {"uv": [9.984, 7.516, 9.016, 8.484], "texture": "#0"},
				"east": {"uv": [8.984, 1.016, 7.516, 1.984], "texture": "#0"},
				"south": {"uv": [9.984, 8.516, 9.016, 9.484], "texture": "#0"},
				"west": {"uv": [8.984, 0.016, 7.516, 0.984], "texture": "#0"},
				"up": {"uv": [1.516, 8.984, 2.484, 7.516], "texture": "#0"},
				"down": {"uv": [7.516, 2.016, 8.484, 3.484], "texture": "#0"}
			}
		},
		{
			"from": [14.69971, 2.46299, 7.1],
			"to": [15.69971, 4.46299, 10.1],
			"rotation": {"angle": 0, "axis": "z", "origin": [16.69971, 2.46299, 7.1]},
			"faces": {
				"north": {"uv": [5.984, 7.516, 5.516, 8.484], "texture": "#0"},
				"east": {"uv": [8.984, 3.516, 7.516, 4.484], "texture": "#0"},
				"south": {"uv": [1.484, 10.016, 1.016, 10.984], "texture": "#0"},
				"west": {"uv": [3.984, 7.516, 2.516, 8.484], "texture": "#0"},
				"up": {"uv": [7.516, 9.984, 7.984, 8.516], "texture": "#0"},
				"down": {"uv": [8.016, 9.516, 8.484, 10.984], "texture": "#0"}
			}
		},
		{
			"from": [15.54747, 3.22836, 7.1],
			"to": [16.54747, 5.22836, 10.1],
			"rotation": {"angle": 22.5, "axis": "z", "origin": [17.54747, 3.22836, 7.1]},
			"faces": {
				"north": {"uv": [1.984, 10.016, 1.516, 10.984], "texture": "#0"},
				"east": {"uv": [8.984, 4.516, 7.516, 5.484], "texture": "#0"},
				"south": {"uv": [2.484, 10.016, 2.016, 10.984], "texture": "#0"},
				"west": {"uv": [5.484, 7.516, 4.016, 8.484], "texture": "#0"},
				"up": {"uv": [8.516, 10.984, 8.984, 9.516], "texture": "#0"},
				"down": {"uv": [9.016, 9.516, 9.484, 10.984], "texture": "#0"}
			}
		},
		{
			"from": [16.0378, 4.25989, 7.1],
			"to": [18.0378, 6.25989, 10.1],
			"rotation": {"angle": 45, "axis": "z", "origin": [18.0378, 4.25989, 7.1]},
			"faces": {
				"north": {"uv": [10.484, 1.516, 9.516, 2.484], "texture": "#0"},
				"east": {"uv": [1.484, 8.016, 0.016, 8.984], "texture": "#0"},
				"south": {"uv": [10.484, 2.516, 9.516, 3.484], "texture": "#0"},
				"west": {"uv": [8.984, 5.516, 7.516, 6.484], "texture": "#0"},
				"up": {"uv": [8.016, 7.984, 8.984, 6.516], "texture": "#0"},
				"down": {"uv": [8.016, 8.016, 8.984, 9.484], "texture": "#0"}
			}
		},
		{
			"from": [17.18585, 7.03153, 7.1],
			"to": [19.18585, 10.03153, 10.1],
			"rotation": {"angle": 0, "axis": "z", "origin": [19.18585, 9.03153, 7.1]},
			"faces": {
				"north": {"uv": [9.484, 2.016, 8.516, 3.484], "texture": "#0"},
				"east": {"uv": [7.484, 3.516, 6.016, 4.984], "texture": "#0"},
				"south": {"uv": [3.484, 8.516, 2.516, 9.984], "texture": "#0"},
				"west": {"uv": [4.484, 6.016, 3.016, 7.484], "texture": "#0"},
				"up": {"uv": [3.516, 9.984, 4.484, 8.516], "texture": "#0"},
				"down": {"uv": [4.516, 8.516, 5.484, 9.984], "texture": "#0"}
			}
		},
		{
			"from": [16.80317, 4.10765, 7.1],
			"to": [18.80317, 7.10765, 10.1],
			"rotation": {"angle": -22.5, "axis": "z", "origin": [18.80317, 6.10765, 7.1]},
			"faces": {
				"north": {"uv": [6.484, 8.516, 5.516, 9.984], "texture": "#0"},
				"east": {"uv": [7.484, 5.016, 6.016, 6.484], "texture": "#0"},
				"south": {"uv": [7.484, 8.516, 6.516, 9.984], "texture": "#0"},
				"west": {"uv": [5.984, 6.016, 4.516, 7.484], "texture": "#0"},
				"up": {"uv": [0.016, 10.484, 0.984, 9.016], "texture": "#0"},
				"down": {"uv": [9.016, 0.016, 9.984, 1.484], "texture": "#0"}
			}
		},
		{
			"from": [14.88975, 13.57481, 7.1],
			"to": [15.88975, 15.57481, 10.1],
			"rotation": {"angle": 22.5, "axis": "z", "origin": [16.88975, 15.57481, 7.1]},
			"faces": {
				"north": {"uv": [2.984, 10.016, 2.516, 10.984], "texture": "#0"},
				"east": {"uv": [10.484, 3.516, 9.016, 4.484], "texture": "#0"},
				"south": {"uv": [3.484, 10.016, 3.016, 10.984], "texture": "#0"},
				"west": {"uv": [2.484, 9.016, 1.016, 9.984], "texture": "#0"},
				"up": {"uv": [9.516, 10.984, 9.984, 9.516], "texture": "#0"},
				"down": {"uv": [10.016, 0.016, 10.484, 1.484], "texture": "#0"}
			}
		},
		{
			"from": [16.42049, 9.87929, 7.1],
			"to": [18.42049, 13.87929, 10.1],
			"rotation": {"angle": 22.5, "axis": "z", "origin": [18.42049, 11.87929, 7.1]},
			"faces": {
				"north": {"uv": [6.984, 6.516, 6.016, 8.484], "texture": "#0"},
				"east": {"uv": [7.484, 0.016, 6.016, 1.984], "texture": "#0"},
				"south": {"uv": [7.984, 6.516, 7.016, 8.484], "texture": "#0"},
				"west": {"uv": [1.484, 6.016, 0.016, 7.984], "texture": "#0"},
				"up": {"uv": [9.016, 5.984, 9.984, 4.516], "texture": "#0"},
				"down": {"uv": [9.016, 6.016, 9.984, 7.484], "texture": "#0"}
			}
		},
		{
			"from": [2, 3, 7],
			"to": [14, 6, 10],
			"rotation": {"angle": 0, "axis": "y", "origin": [14, 3, 7]},
			"faces": {
				"north": {"uv": [0.016, 0.016, 5.984, 1.484], "texture": "#0"},
				"east": {"uv": [1.516, 6.016, 2.984, 7.484], "texture": "#0"},
				"south": {"uv": [0.016, 0.016, 5.984, 1.484], "texture": "#0"},
				"west": {"uv": [6.016, 2.016, 7.484, 3.484], "texture": "#0"},
				"up": {"uv": [5.984, 1.484, 0.016, 0.016], "texture": "#0"},
				"down": {"uv": [5.984, 0.016, 0.016, 1.484], "texture": "#0"}
			}
		}
	],
	"gui_light": "front",
	"display": {
		"thirdperson_righthand": {
			"rotation": [90, -90, 0],
			"translation": [0.25, -1.75, 5.25]
		},
		"thirdperson_lefthand": {
			"rotation": [90, -90, 0],
			"translation": [0.25, -1.75, 5.25]
		},
		"firstperson_righthand": {
			"rotation": [-7, 90, 111],
			"translation": [1.5, 3.75, 2.25],
			"scale": [0.8, 0.8, 0.8]
		},
		"firstperson_lefthand": {
			"rotation": [-7, 90, 111],
			"translation": [1.5, 3.75, 2.25],
			"scale": [0.8, 0.8, 0.8]
		},
		"ground": {
			"rotation": [90, 0, 0],
			"translation": [0, -2.25, 0],
			"scale": [0.5, 0.5, 0.5]
		},
		"gui": {
			"rotation": [15, 135, 0],
			"translation": [-0.25, -0.75, 0],
			"scale": [0.8, 0.8, 0.8]
		},
		"head": {
			"translation": [0, 5.75, 0],
			"scale": [1.7, 1.7, 1.7]
		},
		"fixed": {
			"translation": [0, 0, -2.75],
			"scale": [1.3, 1.3, 1.3]
		}
	}
}