{
	"credit": "Made with Blockbench",
	"texture_size": [32, 32],
	"textures": {
		"1": "item/maks_himself"
	},
	"elements": [
		{
			"from": [4, 0, 4],
			"to": [12, 8, 12],
			"rotation": {"angle": 0, "axis": "y", "origin": [4, 0, 4]},
			"faces": {
				"north": {"uv": [10.016, 2.016, 11.984, 3.984], "texture": "#1"},
				"east": {"uv": [8.016, 2.016, 9.984, 3.984], "texture": "#1"},
				"south": {"uv": [14.016, 2.016, 15.984, 3.984], "texture": "#1"},
				"west": {"uv": [12.016, 2.016, 13.984, 3.984], "texture": "#1"},
				"up": {"uv": [10.016, 0.016, 11.984, 1.984], "texture": "#1"},
				"down": {"uv": [12.016, 0.016, 13.984, 1.984], "texture": "#1"}
			}
		}
	],
	"gui_light": "front",
	"display": {
		"thirdperson_righthand": {
			"rotation": [85, -30, 0],
			"translation": [-2, 0.75, 5],
			"scale": [1, 1, 0]
		},
		"thirdperson_lefthand": {
			"rotation": [85, -30, 0],
			"translation": [-2, 0.75, 5],
			"scale": [1, 1, 0]
		},
		"firstperson_righthand": {
			"rotation": [0, 168, 0],
			"translation": [-1.5, 9.25, 3.25],
			"scale": [1, 1, 0]
		},
		"firstperson_lefthand": {
			"rotation": [0, 168, 0],
			"translation": [-1.5, 9.25, 3.25],
			"scale": [1, 1, 0]
		},
		"ground": {
			"rotation": [90, 0, 0],
			"translation": [0, -1.25, 3],
			"scale": [0.7, 0.7, 0]
		},
		"gui": {
			"rotation": [0, 180, 0],
			"translation": [0, 9.25, 0],
			"scale": [2, 2, 2]
		},
		"head": {
			"rotation": [17, 0, 0],
			"translation": [0, 10.75, 1.75],
			"scale": [1.82, 1.82, 1.82]
		},
		"fixed": {
			"translation": [0, 13.75, 0],
			"scale": [3, 3, 0]
		}
	}
}