{
	"credit": "Made with Blockbench",
	"textures": {
		"0": "item/small"
	},
	"elements": [
		{
			"from": [5, 12, 0],
			"to": [12, 15, 1],
			"rotation": {"angle": 0, "axis": "y", "origin": [5, 12, 0]},
			"faces": {
				"north": {"uv": [4, 1, 11, 4], "texture": "#0"},
				"east": {"uv": [4, 1, 5, 4], "texture": "#0"},
				"south": {"uv": [4, 1, 11, 4], "texture": "#0"},
				"west": {"uv": [10, 1, 11, 4], "texture": "#0"},
				"up": {"uv": [4, 1, 11, 2], "texture": "#0"},
				"down": {"uv": [4, 3, 11, 4], "texture": "#0"}
			}
		},
		{
			"from": [6, 7, 0],
			"to": [11, 12, 1],
			"rotation": {"angle": 0, "axis": "y", "origin": [5, 9, 0]},
			"faces": {
				"north": {"uv": [5, 4, 10, 9], "texture": "#0"},
				"east": {"uv": [5, 4, 6, 9], "texture": "#0"},
				"south": {"uv": [5, 4, 10, 9], "texture": "#0"},
				"west": {"uv": [9, 4, 10, 9], "texture": "#0"},
				"up": {"uv": [5, 4, 10, 5], "texture": "#0"},
				"down": {"uv": [5, 8, 10, 9], "texture": "#0"}
			}
		},
		{
			"from": [3, 5, 0],
			"to": [14, 7, 1],
			"rotation": {"angle": 0, "axis": "y", "origin": [5, 4, 0]},
			"faces": {
				"north": {"uv": [2, 9, 13, 11], "texture": "#0"},
				"east": {"uv": [2, 9, 3, 11], "texture": "#0"},
				"south": {"uv": [2, 9, 13, 11], "texture": "#0"},
				"west": {"uv": [12, 9, 13, 11], "texture": "#0"},
				"up": {"uv": [2, 9, 13, 10], "texture": "#0"},
				"down": {"uv": [2, 10, 13, 11], "texture": "#0"}
			}
		},
		{
			"from": [4, 4, 0],
			"to": [13, 5, 1],
			"rotation": {"angle": 0, "axis": "y", "origin": [5, 2, 0]},
			"faces": {
				"north": {"uv": [3, 11, 12, 12], "texture": "#0"},
				"east": {"uv": [3, 11, 4, 12], "texture": "#0"},
				"south": {"uv": [3, 11, 12, 12], "texture": "#0"},
				"west": {"uv": [11, 11, 12, 12], "texture": "#0"},
				"up": {"uv": [3, 11, 12, 12], "texture": "#0"},
				"down": {"uv": [3, 11, 12, 12], "texture": "#0"}
			}
		},
		{
			"from": [5, 3, 0],
			"to": [12, 4, 1],
			"rotation": {"angle": 0, "axis": "y", "origin": [5, 1, 0]},
			"faces": {
				"north": {"uv": [4, 12, 11, 13], "texture": "#0"},
				"east": {"uv": [4, 12, 5, 13], "texture": "#0"},
				"south": {"uv": [4, 12, 11, 13], "texture": "#0"},
				"west": {"uv": [10, 12, 11, 13], "texture": "#0"},
				"up": {"uv": [4, 12, 11, 13], "texture": "#0"},
				"down": {"uv": [4, 12, 11, 13], "texture": "#0"}
			}
		},
		{
			"from": [6, 2, 0],
			"to": [11, 3, 1],
			"rotation": {"angle": 0, "axis": "y", "origin": [5, 0, 0]},
			"faces": {
				"north": {"uv": [5, 13, 10, 14], "texture": "#0"},
				"east": {"uv": [5, 13, 6, 14], "texture": "#0"},
				"south": {"uv": [5, 13, 10, 14], "texture": "#0"},
				"west": {"uv": [9, 13, 10, 14], "texture": "#0"},
				"up": {"uv": [5, 13, 10, 14], "texture": "#0"},
				"down": {"uv": [5, 13, 10, 14], "texture": "#0"}
			}
		},
		{
			"from": [7, 1, 0],
			"to": [10, 2, 1],
			"rotation": {"angle": 0, "axis": "y", "origin": [5, -1, 0]},
			"faces": {
				"north": {"uv": [6, 14, 9, 15], "texture": "#0"},
				"east": {"uv": [6, 14, 7, 15], "texture": "#0"},
				"south": {"uv": [6, 14, 9, 15], "texture": "#0"},
				"west": {"uv": [8, 14, 9, 15], "texture": "#0"},
				"up": {"uv": [6, 14, 9, 15], "texture": "#0"},
				"down": {"uv": [6, 14, 9, 15], "texture": "#0"}
			}
		},
		{
			"from": [8, 0, 0],
			"to": [9, 1, 1],
			"rotation": {"angle": 0, "axis": "y", "origin": [5, -2, 0]},
			"faces": {
				"north": {"uv": [7, 15, 8, 16], "texture": "#0"},
				"east": {"uv": [7, 15, 8, 16], "texture": "#0"},
				"south": {"uv": [7, 15, 8, 16], "texture": "#0"},
				"west": {"uv": [7, 15, 8, 16], "texture": "#0"},
				"up": {"uv": [7, 15, 8, 16], "texture": "#0"},
				"down": {"uv": [7, 15, 8, 16], "texture": "#0"}
			}
		}
	],
	"gui_light": "front",
	"display": {
		"thirdperson_righthand": {
			"rotation": [94, 0, 0],
			"translation": [0, -4.5, -0.5],
			"scale": [0.7, 0.7, 0.7]
		},
		"thirdperson_lefthand": {
			"rotation": [94, 0, 0],
			"translation": [0, -4.5, -0.5],
			"scale": [0.7, 0.7, 0.7]
		},
		"firstperson_righthand": {
			"translation": [9, 2.75, 0]
		},
		"firstperson_lefthand": {
			"translation": [9, 2.75, 0]
		},
		"ground": {
			"translation": [0, 2.25, 5],
			"scale": [0.7, 0.7, 0.7]
		},
		"gui": {
			"rotation": [0, 180, 0],
			"translation": [0.5, 0, 0]
		},
		"head": {
			"translation": [-0.5, 0, 14.5]
		},
		"fixed": {
			"translation": [-0.5, 0, 10.5],
			"scale": [1.4, 1.4, 1.4]
		}
	}
}