{
	"credit": "Made with Blockbench",
	"texture_size": [32, 32],
	"textures": {
		"0": "item/viennahat_red",
		"particle": "item/viennahat"
	},
	"elements": [
		{
			"from": [4, 0, 4],
			"to": [12, 5, 12],
			"rotation": {"angle": 0, "axis": "y", "origin": [4, 0, 4]},
			"faces": {
				"north": {"uv": [4.008, 0.008, 7.992, 2.492], "texture": "#0"},
				"east": {"uv": [4.008, 2.508, 7.992, 4.992], "texture": "#0"},
				"south": {"uv": [4.008, 5.008, 7.992, 7.492], "texture": "#0"},
				"west": {"uv": [4.008, 7.508, 7.992, 9.992], "texture": "#0"},
				"up": {"uv": [3.992, 3.992, 0.008, 0.008], "texture": "#0"},
				"down": {"uv": [3.992, 4.008, 0.008, 7.992], "texture": "#0"}
			}
		},
		{
			"from": [4, 1, 6.75],
			"to": [4, 7, 11.75],
			"rotation": {"angle": -22.5, "axis": "y", "origin": [4, 3.5, 7.25]},
			"faces": {
				"north": {"uv": [0.008, 0.008, 0.008, 2.992], "texture": "#0"},
				"east": {"uv": [8.008, 2.008, 10.492, 4.992], "texture": "#0"},
				"south": {"uv": [0.008, 0.008, 0.008, 2.992], "texture": "#0"},
				"west": {"uv": [8.008, 5.008, 10.492, 7.992], "texture": "#0"},
				"up": {"uv": [0.008, 2.492, 0.008, 0.008], "texture": "#0"},
				"down": {"uv": [0.008, 0.008, 0.008, 2.492], "texture": "#0"}
			}
		},
		{
			"from": [4.1, -1.25, 0.75],
			"to": [12.1, -0.25, 4.75],
			"rotation": {"angle": -22.5, "axis": "x", "origin": [8.6, -0.75, 2.25]},
			"faces": {
				"north": {"uv": [8.008, 8.008, 11.992, 8.492], "texture": "#0"},
				"east": {"uv": [8.008, 9.008, 9.992, 9.492], "texture": "#0"},
				"south": {"uv": [8.008, 8.508, 11.992, 8.992], "texture": "#0"},
				"west": {"uv": [8.008, 9.508, 9.992, 9.992], "texture": "#0"},
				"up": {"uv": [3.992, 9.992, 0.008, 8.008], "texture": "#0"},
				"down": {"uv": [11.992, 0.008, 8.008, 1.992], "texture": "#0"}
			}
		}
	],
	"gui_light": "front",
	"display": {
		"thirdperson_righthand": {
			"rotation": [35.77, -10.02, -25.21],
			"translation": [2, 1.25, 1],
			"scale": [0.8, 0.8, 0.8]
		},
		"thirdperson_lefthand": {
			"rotation": [35.77, -10.02, -25.21],
			"translation": [2, 1.25, 1],
			"scale": [0.8, 0.8, 0.8]
		},
		"firstperson_righthand": {
			"rotation": [4, 54, 0],
			"translation": [2, 7, 0]
		},
		"firstperson_lefthand": {
			"rotation": [4, 54, 0],
			"translation": [2, 7, 0]
		},
		"ground": {
			"rotation": [15, 0, 0],
			"translation": [0.5, 2.25, 0.75],
			"scale": [0.7, 0.7, 0.7]
		},
		"gui": {
			"rotation": [26, 136, 0],
			"translation": [0.5, 5.5, 0]
		},
		"head": {
			"rotation": [11, 0, 0],
			"translation": [0, 15.75, 2],
			"scale": [1.85, 1.85, 1.85]
		},
		"fixed": {
			"rotation": [-81, 0, 0],
			"translation": [0, 0, -17],
			"scale": [2, 2, 2]
		}
	}
}