{
	"credit": "Made with Blockbench",
	"textures": {
		"0": "item/villager_nose",
		"particle": "item/villager_nose"
	},
	"elements": [
		{
			"from": [7, 0, 7],
			"to": [9, 4, 9],
			"rotation": {"angle": 0, "axis": "y", "origin": [7, 0, 7]},
			"faces": {
				"north": {"uv": [0, 0, 2, 4], "texture": "#0"},
				"east": {"uv": [2, 0, 4, 4], "texture": "#0"},
				"south": {"uv": [0, 4, 2, 8], "texture": "#0"},
				"west": {"uv": [4, 0, 6, 4], "texture": "#0"},
				"up": {"uv": [4, 6, 2, 4], "texture": "#0"},
				"down": {"uv": [6, 4, 4, 6], "texture": "#0"}
			}
		}
	],
	"display": {
		"thirdperson_righthand": {
			"translation": [-0.75, 7.5, 1.25]
		},
		"thirdperson_lefthand": {
			"translation": [-0.75, 7.5, 1.25]
		},
		"firstperson_righthand": {
			"rotation": [-5.62, -34.56, 11.9],
			"translation": [-1.25, 10.75, 0],
			"scale": [1.6, 1.6, 1.6]
		},
		"firstperson_lefthand": {
			"rotation": [-5.62, -34.56, 11.9],
			"translation": [-1.25, 10.75, 0],
			"scale": [1.6, 1.6, 1.6]
		},
		"ground": {
			"rotation": [43.99, 1.2, -69.84],
			"translation": [5, 0, 1.25]
		},
		"gui": {
			"rotation": [20, 135, 0],
			"translation": [0, 10.75, 0],
			"scale": [2, 2, 2]
		},
		"head": {
			"translation": [0, 4.75, -7.75],
			"scale": [1.6, 1.6, 1.6]
		},
		"fixed": {
			"translation": [0, 17.5, 0],
			"scale": [3, 3, 3]
		}
	}
}