{
	"credit": "Made with Blockbench",
	"texture_size": [64, 64],
	"textures": {
		"0": "item/hat_farmer",
		"particle": "item/hat_farmer"
	},
	"elements": [
		{
			"from": [4, 1, 4],
			"to": [12, 5, 12],
			"faces": {
				"north": {"uv": [10.004, 2.004, 11.996, 2.996], "texture": "#0"},
				"east": {"uv": [12.004, 2.004, 13.996, 2.996], "texture": "#0"},
				"south": {"uv": [14.004, 2.004, 15.996, 2.996], "texture": "#0"},
				"west": {"uv": [8.004, 2.004, 9.996, 2.996], "texture": "#0"},
				"up": {"uv": [10.004, 0.004, 11.996, 1.996], "texture": "#0"},
				"down": {"uv": [8.754, 13.004, 10.746, 14.996], "texture": "#0"}
			}
		},
		{
			"from": [1, 0, 2],
			"to": [15, 1, 13],
			"faces": {
				"north": {"uv": [8.004, 12.504, 11.496, 12.746], "rotation": 180, "texture": "#0"},
				"east": {"uv": [11.254, 12.504, 11.496, 15.246], "rotation": 90, "texture": "#0"},
				"south": {"uv": [8.004, 15.004, 11.496, 15.246], "texture": "#0"},
				"west": {"uv": [8.004, 12.504, 8.246, 15.246], "rotation": 90, "texture": "#0"},
				"up": {"uv": [8.004, 12.504, 11.496, 15.246], "texture": "#0"},
				"down": {"uv": [8.004, 12.504, 11.496, 15.246], "texture": "#0"}
			}
		},
		{
			"from": [0, 0, 2],
			"to": [1, 1, 7],
			"faces": {
				"north": {"uv": [7.754, 12.504, 7.996, 12.746], "texture": "#0"},
				"east": {"uv": [7.754, 12.504, 7.996, 13.746], "rotation": 90, "texture": "#0"},
				"south": {"uv": [7.754, 13.504, 7.996, 13.746], "texture": "#0"},
				"west": {"uv": [7.754, 12.504, 7.996, 13.746], "rotation": 90, "texture": "#0"},
				"up": {"uv": [7.754, 12.504, 7.996, 13.746], "texture": "#0"},
				"down": {"uv": [7.754, 12.504, 7.996, 13.746], "texture": "#0"}
			}
		},
		{
			"from": [0, 0, 10],
			"to": [1, 1, 14],
			"faces": {
				"north": {"uv": [7.754, 14.504, 7.996, 14.746], "texture": "#0"},
				"east": {"uv": [7.754, 14.504, 7.996, 15.496], "rotation": 90, "texture": "#0"},
				"south": {"uv": [7.754, 15.254, 7.996, 15.496], "texture": "#0"},
				"west": {"uv": [7.754, 14.504, 7.996, 15.496], "rotation": 270, "texture": "#0"},
				"up": {"uv": [7.754, 14.504, 7.996, 15.496], "texture": "#0"},
				"down": {"uv": [7.754, 14.504, 7.996, 15.496], "rotation": 180, "texture": "#0"}
			}
		},
		{
			"from": [15, 0, 3],
			"to": [16, 1, 14],
			"faces": {
				"north": {"uv": [11.504, 12.754, 11.746, 12.996], "texture": "#0"},
				"east": {"uv": [11.504, 12.754, 11.746, 15.496], "rotation": 90, "texture": "#0"},
				"south": {"uv": [11.504, 15.254, 11.746, 15.496], "texture": "#0"},
				"west": {"uv": [11.504, 12.754, 11.746, 15.496], "rotation": 270, "texture": "#0"},
				"up": {"uv": [11.504, 12.754, 11.746, 15.496], "texture": "#0"},
				"down": {"uv": [11.504, 12.754, 11.746, 15.496], "rotation": 180, "texture": "#0"}
			}
		},
		{
			"from": [1, 0, 1],
			"to": [13, 1, 2],
			"faces": {
				"north": {"uv": [8.004, 12.254, 10.996, 12.496], "rotation": 180, "texture": "#0"},
				"east": {"uv": [10.754, 12.254, 10.996, 12.496], "rotation": 270, "texture": "#0"},
				"south": {"uv": [8.004, 12.254, 10.996, 12.496], "rotation": 180, "texture": "#0"},
				"west": {"uv": [8.004, 12.254, 8.246, 12.496], "rotation": 270, "texture": "#0"},
				"up": {"uv": [8.004, 12.254, 10.996, 12.496], "texture": "#0"},
				"down": {"uv": [8.004, 12.254, 10.996, 12.496], "texture": "#0"}
			}
		},
		{
			"from": [2, 0, 0],
			"to": [7, 1, 1],
			"faces": {
				"north": {"uv": [8.254, 12.004, 9.496, 12.246], "rotation": 180, "texture": "#0"},
				"east": {"uv": [9.254, 12.004, 9.496, 12.246], "rotation": 270, "texture": "#0"},
				"south": {"uv": [8.254, 12.004, 9.496, 12.246], "rotation": 180, "texture": "#0"},
				"west": {"uv": [8.254, 12.004, 8.496, 12.246], "rotation": 270, "texture": "#0"},
				"up": {"uv": [8.254, 12.004, 9.496, 12.246], "texture": "#0"},
				"down": {"uv": [8.254, 12.004, 9.496, 12.246], "texture": "#0"}
			}
		},
		{
			"from": [1, 0, 13],
			"to": [6, 1, 14],
			"faces": {
				"north": {"uv": [8.004, 15.254, 9.246, 15.496], "rotation": 180, "texture": "#0"},
				"east": {"uv": [9.004, 15.254, 9.246, 15.496], "rotation": 270, "texture": "#0"},
				"south": {"uv": [8.004, 15.254, 9.246, 15.496], "texture": "#0"},
				"west": {"uv": [8.004, 15.254, 8.246, 15.496], "rotation": 270, "texture": "#0"},
				"up": {"uv": [8.004, 15.254, 9.246, 15.496], "texture": "#0"},
				"down": {"uv": [8.004, 15.254, 9.246, 15.496], "texture": "#0"}
			}
		},
		{
			"from": [6, 0, 14],
			"to": [11, 1, 15],
			"faces": {
				"north": {"uv": [9.254, 15.504, 10.496, 15.746], "rotation": 180, "texture": "#0"},
				"east": {"uv": [10.254, 15.504, 10.496, 15.746], "rotation": 270, "texture": "#0"},
				"south": {"uv": [9.254, 15.504, 10.496, 15.746], "texture": "#0"},
				"west": {"uv": [9.254, 15.504, 9.496, 15.746], "rotation": 270, "texture": "#0"},
				"up": {"uv": [9.254, 15.504, 10.496, 15.746], "texture": "#0"},
				"down": {"uv": [9.254, 15.504, 10.496, 15.746], "texture": "#0"}
			}
		},
		{
			"from": [1, 0, 14],
			"to": [5, 1, 15],
			"faces": {
				"north": {"uv": [8.004, 15.504, 8.996, 15.746], "rotation": 180, "texture": "#0"},
				"east": {"uv": [8.754, 15.504, 8.996, 15.746], "rotation": 270, "texture": "#0"},
				"south": {"uv": [8.004, 15.504, 8.996, 15.746], "texture": "#0"},
				"west": {"uv": [8.004, 15.504, 8.246, 15.746], "rotation": 270, "texture": "#0"},
				"up": {"uv": [8.004, 15.504, 8.996, 15.746], "texture": "#0"},
				"down": {"uv": [8.004, 15.504, 8.996, 15.746], "texture": "#0"}
			}
		},
		{
			"from": [12, 0, 14],
			"to": [15, 1, 15],
			"faces": {
				"north": {"uv": [10.754, 15.504, 11.496, 15.746], "rotation": 180, "texture": "#0"},
				"east": {"uv": [11.254, 15.504, 11.496, 15.746], "rotation": 270, "texture": "#0"},
				"south": {"uv": [10.754, 15.504, 11.496, 15.746], "texture": "#0"},
				"west": {"uv": [10.754, 15.504, 10.996, 15.746], "rotation": 270, "texture": "#0"},
				"up": {"uv": [10.754, 15.504, 11.496, 15.746], "texture": "#0"},
				"down": {"uv": [10.754, 15.504, 11.496, 15.746], "texture": "#0"}
			}
		},
		{
			"from": [7, 0, 13],
			"to": [15, 1, 14],
			"faces": {
				"north": {"uv": [9.504, 15.254, 11.496, 15.496], "rotation": 180, "texture": "#0"},
				"east": {"uv": [11.254, 15.254, 11.496, 15.496], "rotation": 270, "texture": "#0"},
				"south": {"uv": [9.504, 15.254, 11.496, 15.496], "texture": "#0"},
				"west": {"uv": [9.504, 15.254, 9.746, 15.496], "rotation": 270, "texture": "#0"},
				"up": {"uv": [9.504, 15.254, 11.496, 15.496], "texture": "#0"},
				"down": {"uv": [9.504, 15.254, 11.496, 15.496], "texture": "#0"}
			}
		},
		{
			"from": [2, 0, 15],
			"to": [10, 1, 16],
			"faces": {
				"north": {"uv": [8.254, 15.754, 10.246, 15.996], "rotation": 180, "texture": "#0"},
				"east": {"uv": [10.004, 15.754, 10.246, 15.996], "rotation": 270, "texture": "#0"},
				"south": {"uv": [8.254, 15.754, 10.246, 15.996], "texture": "#0"},
				"west": {"uv": [8.254, 15.754, 8.496, 15.996], "rotation": 270, "texture": "#0"},
				"up": {"uv": [8.254, 15.754, 10.246, 15.996], "texture": "#0"},
				"down": {"uv": [8.254, 15.754, 10.246, 15.996], "texture": "#0"}
			}
		},
		{
			"from": [10, 0, 0],
			"to": [14, 1, 1],
			"faces": {
				"north": {"uv": [10.254, 12.004, 11.246, 12.246], "rotation": 180, "texture": "#0"},
				"east": {"uv": [11.004, 12.004, 11.246, 12.246], "rotation": 270, "texture": "#0"},
				"south": {"uv": [10.254, 12.004, 11.246, 12.246], "rotation": 180, "texture": "#0"},
				"west": {"uv": [10.254, 12.004, 10.496, 12.246], "rotation": 270, "texture": "#0"},
				"up": {"uv": [10.254, 12.004, 11.246, 12.246], "texture": "#0"},
				"down": {"uv": [10.254, 12.004, 11.246, 12.246], "texture": "#0"}
			}
		},
		{
			"from": [0, 0, 8],
			"to": [1, 1, 9],
			"faces": {
				"north": {"uv": [7.754, 14.004, 7.996, 14.246], "texture": "#0"},
				"east": {"uv": [7.754, 14.004, 7.996, 14.246], "rotation": 90, "texture": "#0"},
				"south": {"uv": [7.754, 14.004, 7.996, 14.246], "texture": "#0"},
				"west": {"uv": [7.754, 14.004, 7.996, 14.246], "rotation": 90, "texture": "#0"},
				"up": {"uv": [7.754, 14.004, 7.996, 14.246], "texture": "#0"},
				"down": {"uv": [7.754, 14.004, 7.996, 14.246], "texture": "#0"}
			}
		},
		{
			"from": [11, 0, 15],
			"to": [12, 1, 16],
			"faces": {
				"north": {"uv": [10.504, 15.754, 10.746, 15.996], "texture": "#0"},
				"east": {"uv": [10.504, 15.754, 10.746, 15.996], "rotation": 90, "texture": "#0"},
				"south": {"uv": [10.504, 15.754, 10.746, 15.996], "texture": "#0"},
				"west": {"uv": [10.504, 15.754, 10.746, 15.996], "rotation": 90, "texture": "#0"},
				"up": {"uv": [10.504, 15.754, 10.746, 15.996], "texture": "#0"},
				"down": {"uv": [10.504, 15.754, 10.746, 15.996], "texture": "#0"}
			}
		},
		{
			"from": [13, 0, 15],
			"to": [14, 1, 16],
			"faces": {
				"north": {"uv": [11.004, 15.754, 11.246, 15.996], "texture": "#0"},
				"east": {"uv": [11.004, 15.754, 11.246, 15.996], "rotation": 90, "texture": "#0"},
				"south": {"uv": [11.004, 15.754, 11.246, 15.996], "texture": "#0"},
				"west": {"uv": [11.004, 15.754, 11.246, 15.996], "rotation": 90, "texture": "#0"},
				"up": {"uv": [11.004, 15.754, 11.246, 15.996], "texture": "#0"},
				"down": {"uv": [11.004, 15.754, 11.246, 15.996], "texture": "#0"}
			}
		},
		{
			"from": [8, 0, 0],
			"to": [9, 1, 1],
			"faces": {
				"north": {"uv": [9.754, 12.004, 9.996, 12.246], "texture": "#0"},
				"east": {"uv": [9.754, 12.004, 9.996, 12.246], "rotation": 90, "texture": "#0"},
				"south": {"uv": [9.754, 12.004, 9.996, 12.246], "texture": "#0"},
				"west": {"uv": [9.754, 12.004, 9.996, 12.246], "rotation": 90, "texture": "#0"},
				"up": {"uv": [9.754, 12.004, 9.996, 12.246], "texture": "#0"},
				"down": {"uv": [9.754, 12.004, 9.996, 12.246], "texture": "#0"}
			}
		},
		{
			"from": [14, 0, 1],
			"to": [15, 1, 2],
			"faces": {
				"north": {"uv": [11.254, 12.254, 11.496, 12.496], "texture": "#0"},
				"east": {"uv": [11.254, 12.254, 11.496, 12.496], "rotation": 90, "texture": "#0"},
				"south": {"uv": [11.254, 12.254, 11.496, 12.496], "texture": "#0"},
				"west": {"uv": [11.254, 12.254, 11.496, 12.496], "rotation": 90, "texture": "#0"},
				"up": {"uv": [11.254, 12.254, 11.496, 12.496], "texture": "#0"},
				"down": {"uv": [11.254, 12.254, 11.496, 12.496], "texture": "#0"}
			}
		}
	],
	"gui_light": "front",
	"display": {
		"thirdperson_righthand": {
			"rotation": [0, 0, -90],
			"translation": [5.75, -1.75, 0],
			"scale": [0.8, 0.8, 0.8]
		},
		"thirdperson_lefthand": {
			"rotation": [0, 0, -90],
			"translation": [5.75, -1.75, 0],
			"scale": [0.8, 0.8, 0.8]
		},
		"firstperson_righthand": {
			"rotation": [0, 27, 5],
			"translation": [1.25, 6.75, 0]
		},
		"firstperson_lefthand": {
			"rotation": [0, 27, 5],
			"translation": [1.25, 6.75, 0]
		},
		"ground": {
			"translation": [0, 2, 0],
			"scale": [0.7, 0.7, 0.7]
		},
		"gui": {
			"rotation": [0, 180, 0],
			"translation": [0, 4.75, 0]
		},
		"head": {
			"translation": [0, 12.75, 0],
			"scale": [1.7, 1.7, 1.7]
		},
		"fixed": {
			"rotation": [-90, 0, 0],
			"translation": [0, 0, -16],
			"scale": [2, 2, 2]
		}
	}
}