{
	"credit": "Made with Blockbench",
	"texture_size": [64, 64],
	"textures": {
		"0": "item/hat_armorer",
		"particle": "item/hat_armorer"
	},
	"elements": [
		{
			"from": [4, 4, 5],
			"to": [12, 6, 6],
			"faces": {
				"north": {"uv": [10.004, 2.004, 11.996, 2.496], "texture": "#0"},
				"east": {"uv": [11.754, 2.004, 11.996, 2.496], "texture": "#0"},
				"south": {"uv": [10.004, 2.004, 11.996, 2.496], "texture": "#0"},
				"west": {"uv": [10.004, 2.004, 10.246, 2.496], "texture": "#0"},
				"up": {"uv": [10.004, 2.004, 11.996, 2.246], "texture": "#0"},
				"down": {"uv": [10.004, 2.254, 11.996, 2.496], "texture": "#0"}
			}
		},
		{
			"from": [11.75, 3, 7],
			"to": [12.75, 5, 14],
			"faces": {
				"north": {"uv": [9.504, 2.254, 9.746, 2.746], "texture": "#0"},
				"east": {"uv": [8.004, 2.254, 9.746, 2.746], "texture": "#0"},
				"south": {"uv": [8.004, 2.254, 8.246, 2.746], "texture": "#0"},
				"west": {"uv": [8.004, 2.254, 9.746, 2.746], "texture": "#0"},
				"up": {"uv": [8.004, 2.254, 9.746, 2.496], "rotation": 90, "texture": "#0"},
				"down": {"uv": [8.004, 2.504, 9.746, 2.746], "rotation": 90, "texture": "#0"}
			}
		},
		{
			"from": [3.25, 3, 7],
			"to": [4.25, 5, 14],
			"faces": {
				"north": {"uv": [13.754, 2.254, 13.996, 2.746], "texture": "#0"},
				"east": {"uv": [12.254, 2.254, 13.996, 2.746], "texture": "#0"},
				"south": {"uv": [12.254, 2.254, 12.496, 2.746], "texture": "#0"},
				"west": {"uv": [12.254, 2.254, 13.996, 2.746], "texture": "#0"},
				"up": {"uv": [12.254, 2.254, 13.996, 2.496], "rotation": 90, "texture": "#0"},
				"down": {"uv": [12.254, 2.504, 13.996, 2.746], "rotation": 90, "texture": "#0"}
			}
		},
		{
			"from": [4, 3, 13.5],
			"to": [12, 5, 14.5],
			"faces": {
				"north": {"uv": [14.004, 2.254, 15.996, 2.746], "texture": "#0"},
				"east": {"uv": [15.754, 2.254, 15.996, 2.746], "texture": "#0"},
				"south": {"uv": [14.004, 2.254, 15.996, 2.746], "texture": "#0"},
				"west": {"uv": [14.004, 2.254, 14.246, 2.746], "texture": "#0"},
				"up": {"uv": [14.004, 2.254, 15.996, 2.496], "texture": "#0"},
				"down": {"uv": [14.004, 2.504, 15.996, 2.746], "texture": "#0"}
			}
		},
		{
			"from": [4, 2, 5],
			"to": [12, 3, 6],
			"faces": {
				"north": {"uv": [10.004, 2.754, 11.996, 2.996], "texture": "#0"},
				"east": {"uv": [11.754, 2.754, 11.996, 2.996], "texture": "#0"},
				"south": {"uv": [10.004, 2.754, 11.996, 2.996], "texture": "#0"},
				"west": {"uv": [10.004, 2.754, 10.246, 2.996], "texture": "#0"},
				"up": {"uv": [10.004, 2.754, 11.996, 2.996], "texture": "#0"},
				"down": {"uv": [10.004, 2.754, 11.996, 2.996], "texture": "#0"}
			}
		},
		{
			"from": [4, 6, 5],
			"to": [12, 7, 6],
			"faces": {
				"north": {"uv": [10.004, 1.754, 11.996, 1.996], "texture": "#0"},
				"east": {"uv": [11.754, 1.754, 11.996, 1.996], "texture": "#0"},
				"south": {"uv": [10.004, 1.754, 11.996, 1.996], "texture": "#0"},
				"west": {"uv": [10.004, 1.754, 10.246, 1.996], "texture": "#0"},
				"up": {"uv": [10.004, 1.754, 11.996, 1.996], "texture": "#0"},
				"down": {"uv": [10.004, 1.754, 11.996, 1.996], "texture": "#0"}
			}
		},
		{
			"from": [7, 3, 5],
			"to": [9, 4, 6],
			"faces": {
				"north": {"uv": [10.754, 2.504, 11.246, 2.746], "texture": "#0"},
				"east": {"uv": [11.004, 2.504, 11.246, 2.746], "texture": "#0"},
				"south": {"uv": [10.754, 2.504, 11.246, 2.746], "texture": "#0"},
				"west": {"uv": [10.754, 2.504, 10.996, 2.746], "texture": "#0"},
				"up": {"uv": [10.754, 2.504, 11.246, 2.746], "texture": "#0"},
				"down": {"uv": [10.754, 2.504, 11.246, 2.746], "texture": "#0"}
			}
		},
		{
			"from": [9, 1, 5],
			"to": [12, 2, 6],
			"faces": {
				"north": {"uv": [10.004, 3.004, 10.746, 3.246], "texture": "#0"},
				"east": {"uv": [10.504, 3.004, 10.746, 3.246], "texture": "#0"},
				"south": {"uv": [10.004, 3.004, 10.746, 3.246], "texture": "#0"},
				"west": {"uv": [10.004, 3.004, 10.246, 3.246], "texture": "#0"},
				"up": {"uv": [10.004, 3.004, 10.746, 3.246], "texture": "#0"},
				"down": {"uv": [10.004, 3.004, 10.746, 3.246], "texture": "#0"}
			}
		},
		{
			"from": [4, 1, 5],
			"to": [7, 2, 6],
			"faces": {
				"north": {"uv": [11.254, 3.004, 11.996, 3.246], "texture": "#0"},
				"east": {"uv": [11.754, 3.004, 11.996, 3.246], "texture": "#0"},
				"south": {"uv": [11.254, 3.004, 11.996, 3.246], "texture": "#0"},
				"west": {"uv": [11.254, 3.004, 11.496, 3.246], "texture": "#0"},
				"up": {"uv": [11.254, 3.004, 11.996, 3.246], "texture": "#0"},
				"down": {"uv": [11.254, 3.004, 11.996, 3.246], "texture": "#0"}
			}
		},
		{
			"from": [11, 3, 5],
			"to": [12, 4, 6],
			"faces": {
				"north": {"uv": [10.004, 2.504, 10.246, 2.746], "texture": "#0"},
				"east": {"uv": [10.004, 2.504, 10.246, 2.746], "texture": "#0"},
				"south": {"uv": [10.004, 2.504, 10.246, 2.746], "texture": "#0"},
				"west": {"uv": [10.004, 2.504, 10.246, 2.746], "texture": "#0"},
				"up": {"uv": [10.004, 2.504, 10.246, 2.746], "texture": "#0"},
				"down": {"uv": [10.004, 2.504, 10.246, 2.746], "texture": "#0"}
			}
		},
		{
			"from": [4, 3, 5],
			"to": [5, 4, 6],
			"faces": {
				"north": {"uv": [11.754, 2.504, 11.996, 2.746], "texture": "#0"},
				"east": {"uv": [11.754, 2.504, 11.996, 2.746], "texture": "#0"},
				"south": {"uv": [11.754, 2.504, 11.996, 2.746], "texture": "#0"},
				"west": {"uv": [11.754, 2.504, 11.996, 2.746], "texture": "#0"},
				"up": {"uv": [11.754, 2.504, 11.996, 2.746], "texture": "#0"},
				"down": {"uv": [11.754, 2.504, 11.996, 2.746], "texture": "#0"}
			}
		},
		{
			"from": [3.5, 1, 6],
			"to": [4.5, 6, 7],
			"faces": {
				"north": {"uv": [12.004, 2.004, 12.246, 3.246], "texture": "#0"},
				"east": {"uv": [12.004, 2.004, 12.246, 3.246], "texture": "#0"},
				"south": {"uv": [12.004, 2.004, 12.246, 3.246], "texture": "#0"},
				"west": {"uv": [12.004, 2.004, 12.246, 3.246], "texture": "#0"},
				"up": {"uv": [12.004, 2.004, 12.246, 2.246], "texture": "#0"},
				"down": {"uv": [12.004, 3.004, 12.246, 3.246], "texture": "#0"}
			}
		},
		{
			"from": [11.5, 1, 6],
			"to": [12.5, 6, 7],
			"faces": {
				"north": {"uv": [9.754, 2.004, 9.996, 3.246], "texture": "#0"},
				"east": {"uv": [9.754, 2.004, 9.996, 3.246], "texture": "#0"},
				"south": {"uv": [9.754, 2.004, 9.996, 3.246], "texture": "#0"},
				"west": {"uv": [9.754, 2.004, 9.996, 3.246], "texture": "#0"},
				"up": {"uv": [9.754, 2.004, 9.996, 2.246], "texture": "#0"},
				"down": {"uv": [9.754, 3.004, 9.996, 3.246], "texture": "#0"}
			}
		}
	],
	"gui_light": "front",
	"display": {
		"thirdperson_righthand": {
			"rotation": [19, 9, -90],
			"translation": [2.75, -2, -0.75],
			"scale": [0.7, 0.7, 0.7]
		},
		"thirdperson_lefthand": {
			"rotation": [19, 9, -90],
			"translation": [2.75, -2, -0.75],
			"scale": [0.7, 0.7, 0.7]
		},
		"firstperson_righthand": {
			"rotation": [8, 17, 0],
			"translation": [2.25, 5.5, 1.25],
			"scale": [1.4, 1.4, 1.4]
		},
		"firstperson_lefthand": {
			"rotation": [8, 17, 0],
			"translation": [2.25, 5.5, 1.25],
			"scale": [1.4, 1.4, 1.4]
		},
		"ground": {
			"translation": [0, 0.75, 0],
			"scale": [0.6, 0.6, 0.6]
		},
		"gui": {
			"rotation": [0, 180, 0],
			"translation": [0, 4.5, 0],
			"scale": [1.4, 1.4, 1.4]
		},
		"head": {
			"translation": [0, 6.75, -3],
			"scale": [1.7, 1.7, 1.7]
		},
		"fixed": {
			"rotation": [-74.75, 0, 0],
			"translation": [0, -1, -12.75],
			"scale": [2, 2, 2]
		}
	}
}