{
	"credit": "Made with Blockbench",
	"texture_size": [64, 64],
	"textures": {
		"0": "item/hat_fletcher",
		"particle": "item/hat_fletcher"
	},
	"elements": [
		{
			"from": [4, 0, 4],
			"to": [12, 5, 12],
			"faces": {
				"north": {"uv": [2.004, 2.004, 3.996, 3.246], "texture": "#0"},
				"east": {"uv": [0.004, 2.004, 1.996, 3.246], "texture": "#0"},
				"south": {"uv": [6.004, 2.004, 7.996, 3.246], "texture": "#0"},
				"west": {"uv": [4.004, 2.004, 5.996, 3.246], "texture": "#0"},
				"up": {"uv": [2.004, 0.004, 3.996, 1.996], "texture": "#0"},
				"down": {"uv": [2.004, 0.004, 3.996, 1.996], "texture": "#0"}
			}
		},
		{
			"from": [12, 0, 4],
			"to": [13, 2, 12],
			"faces": {
				"north": {"uv": [9.754, 2.754, 9.996, 3.246], "texture": "#0"},
				"east": {"uv": [8.004, 2.754, 9.996, 3.246], "texture": "#0"},
				"south": {"uv": [8.004, 2.754, 8.246, 3.246], "texture": "#0"},
				"west": {"uv": [8.004, 2.754, 9.996, 3.246], "texture": "#0"},
				"up": {"uv": [8.004, 2.754, 9.996, 2.996], "rotation": 270, "texture": "#0"},
				"down": {"uv": [8.004, 3.004, 9.996, 3.246], "rotation": 90, "texture": "#0"}
			}
		},
		{
			"from": [3, 0, 4],
			"to": [4, 2, 12],
			"faces": {
				"north": {"uv": [12.004, 2.754, 12.246, 3.246], "texture": "#0"},
				"east": {"uv": [12.004, 2.754, 13.996, 3.246], "texture": "#0"},
				"south": {"uv": [13.754, 2.754, 13.996, 3.246], "texture": "#0"},
				"west": {"uv": [12.004, 2.754, 13.996, 3.246], "texture": "#0"},
				"up": {"uv": [12.004, 2.754, 13.996, 2.996], "rotation": 90, "texture": "#0"},
				"down": {"uv": [12.004, 3.004, 13.996, 3.246], "rotation": 270, "texture": "#0"}
			}
		},
		{
			"from": [10, 0, 3],
			"to": [12, 2, 4],
			"faces": {
				"north": {"uv": [10.004, 2.754, 10.496, 3.246], "texture": "#0"},
				"east": {"uv": [10.004, 2.754, 10.246, 3.246], "texture": "#0"},
				"south": {"uv": [10.004, 2.754, 10.496, 3.246], "texture": "#0"},
				"west": {"uv": [10.254, 2.754, 10.496, 3.246], "texture": "#0"},
				"up": {"uv": [10.004, 2.754, 10.496, 2.996], "texture": "#0"},
				"down": {"uv": [10.004, 3.004, 10.496, 3.246], "texture": "#0"}
			}
		},
		{
			"from": [9, 0, 3],
			"to": [10, 1, 4],
			"faces": {
				"north": {"uv": [10.504, 3.004, 10.746, 3.246], "texture": "#0"},
				"east": {"uv": [10.504, 3.004, 10.746, 3.246], "texture": "#0"},
				"south": {"uv": [10.504, 3.004, 10.746, 3.246], "texture": "#0"},
				"west": {"uv": [10.504, 3.004, 10.746, 3.246], "texture": "#0"},
				"up": {"uv": [10.504, 3.004, 10.746, 3.246], "texture": "#0"},
				"down": {"uv": [10.504, 3.004, 10.746, 3.246], "texture": "#0"}
			}
		},
		{
			"from": [6, 0, 3],
			"to": [7, 1, 4],
			"faces": {
				"north": {"uv": [11.254, 3.004, 11.496, 3.246], "texture": "#0"},
				"east": {"uv": [11.254, 3.004, 11.496, 3.246], "texture": "#0"},
				"south": {"uv": [11.254, 3.004, 11.496, 3.246], "texture": "#0"},
				"west": {"uv": [11.254, 3.004, 11.496, 3.246], "texture": "#0"},
				"up": {"uv": [11.254, 3.004, 11.496, 3.246], "texture": "#0"},
				"down": {"uv": [11.254, 3.004, 11.496, 3.246], "texture": "#0"}
			}
		},
		{
			"from": [4, 0, 3],
			"to": [6, 2, 4],
			"faces": {
				"north": {"uv": [11.504, 2.754, 11.996, 3.246], "texture": "#0"},
				"east": {"uv": [11.504, 2.754, 11.746, 3.246], "texture": "#0"},
				"south": {"uv": [11.504, 2.754, 11.996, 3.246], "texture": "#0"},
				"west": {"uv": [11.754, 2.754, 11.996, 3.246], "texture": "#0"},
				"up": {"uv": [11.504, 2.754, 11.996, 2.996], "texture": "#0"},
				"down": {"uv": [11.504, 3.004, 11.996, 3.246], "texture": "#0"}
			}
		},
		{
			"from": [4, 0, 12],
			"to": [12, 2, 13],
			"faces": {
				"north": {"uv": [14.004, 2.754, 15.996, 3.246], "texture": "#0"},
				"east": {"uv": [14.004, 2.754, 14.246, 3.246], "texture": "#0"},
				"south": {"uv": [14.004, 2.754, 15.996, 3.246], "texture": "#0"},
				"west": {"uv": [15.754, 2.754, 15.996, 3.246], "texture": "#0"},
				"up": {"uv": [14.004, 2.754, 15.996, 2.996], "texture": "#0"},
				"down": {"uv": [14.004, 3.004, 15.996, 3.246], "texture": "#0"}
			}
		},
		{
			"from": [3, 2, 7],
			"to": [4, 3, 12],
			"faces": {
				"north": {"uv": [12.754, 2.504, 12.996, 2.746], "texture": "#0"},
				"east": {"uv": [12.754, 2.504, 13.996, 2.746], "texture": "#0"},
				"south": {"uv": [13.754, 2.504, 13.996, 2.746], "texture": "#0"},
				"west": {"uv": [12.754, 2.504, 13.996, 2.746], "texture": "#0"},
				"up": {"uv": [12.754, 2.504, 13.996, 2.746], "rotation": 90, "texture": "#0"},
				"down": {"uv": [12.754, 2.504, 13.996, 2.746], "rotation": 270, "texture": "#0"}
			}
		},
		{
			"from": [3, 3, 8],
			"to": [4, 4, 12],
			"faces": {
				"north": {"uv": [13.004, 2.254, 13.246, 2.496], "texture": "#0"},
				"east": {"uv": [13.004, 2.254, 13.996, 2.496], "texture": "#0"},
				"south": {"uv": [13.754, 2.254, 13.996, 2.496], "texture": "#0"},
				"west": {"uv": [13.004, 2.254, 13.996, 2.496], "texture": "#0"},
				"up": {"uv": [13.004, 2.254, 13.996, 2.496], "rotation": 90, "texture": "#0"},
				"down": {"uv": [13.004, 2.254, 13.996, 2.496], "rotation": 270, "texture": "#0"}
			}
		},
		{
			"from": [3, 4, 9],
			"to": [4, 5, 12],
			"faces": {
				"north": {"uv": [13.254, 2.004, 13.496, 2.246], "texture": "#0"},
				"east": {"uv": [13.254, 2.004, 13.996, 2.246], "texture": "#0"},
				"south": {"uv": [13.754, 2.004, 13.996, 2.246], "texture": "#0"},
				"west": {"uv": [13.254, 2.004, 13.996, 2.246], "texture": "#0"},
				"up": {"uv": [13.254, 2.004, 13.996, 2.246], "rotation": 90, "texture": "#0"},
				"down": {"uv": [13.254, 2.004, 13.996, 2.246], "rotation": 270, "texture": "#0"}
			}
		}
	],
	"gui_light": "front",
	"display": {
		"thirdperson_righthand": {
			"rotation": [28, 0, -30],
			"translation": [2, 1.5, 1.5],
			"scale": [0.7, 0.7, 0.7]
		},
		"thirdperson_lefthand": {
			"rotation": [28, 0, -30],
			"translation": [2, 1.5, 1.5],
			"scale": [0.7, 0.7, 0.7]
		},
		"firstperson_righthand": {
			"rotation": [-3, 30, 0],
			"translation": [2.75, 8.25, 0.75]
		},
		"firstperson_lefthand": {
			"rotation": [-3, 30, 0],
			"translation": [2.75, 8.25, 0.75]
		},
		"ground": {
			"translation": [0, 1.75, 0],
			"scale": [0.7, 0.7, 0.7]
		},
		"gui": {
			"rotation": [0, 180, 0],
			"translation": [0, 7, 0],
			"scale": [1.4, 1.4, 1.4]
		},
		"head": {
			"translation": [0, 13.75, 0],
			"scale": [1.7, 1.7, 1.7]
		},
		"fixed": {
			"rotation": [-91, 0, 0],
			"translation": [0, 0, -16],
			"scale": [2, 2, 2]
		}
	}
}