{
  "parent": "minecraft:item/generated",
  "textures": {
    "layer0": "minecraft:item/phantom_membrane"
  },
    "overrides": [
        {"predicate": {"custom_model_data": 1}, "model": "item/coin_diamond"},
        {"predicate": {"custom_model_data": 2}, "model": "item/coin_gold"},
        {"predicate": {"custom_model_data": 3}, "model": "item/coin_iron"},
        {"predicate": {"custom_model_data": 4}, "model": "item/coin_copper"},
        {"predicate": {"custom_model_data": 5}, "model": "item/coin_emerald"},
        {"predicate": {"custom_model_data": 6}, "model": "item/coin_netherite"},
        {"predicate": {"custom_model_data": 7}, "model": "item/fried_egg"},
        {"predicate": {"custom_model_data": 8}, "model": "item/salami"},
        {"predicate": {"custom_model_data": 9}, "model": "item/cheese"},
        {"predicate": {"custom_model_data": 10}, "model": "item/apple_pie"}
    ]
}