{
	"credit": "Made with Blockbench",
	"texture_size": [64, 64],
	"textures": {
		"0": "item/plague_doctor",
		"particle": "item/plague_doctor"
	},
	"elements": [
		{
			"from": [4, 2, 4],
			"to": [12, 8, 12],
			"rotation": {"angle": 0, "axis": "y", "origin": [4, 0, 4]},
			"faces": {
				"north": {"uv": [5.758, 1.758, 7.742, 3.242], "texture": "#0"},
				"east": {"uv": [5.758, 3.258, 7.742, 4.742], "texture": "#0"},
				"south": {"uv": [5.758, 4.758, 7.742, 6.242], "texture": "#0"},
				"west": {"uv": [3.508, 6.008, 5.492, 7.492], "texture": "#0"},
				"up": {"uv": [1.992, 4.492, 0.008, 2.508], "texture": "#0"},
				"down": {"uv": [3.992, 2.508, 2.008, 4.492], "texture": "#0"}
			}
		},
		{
			"from": [6, 3, 0],
			"to": [10, 6, 4],
			"rotation": {"angle": 0, "axis": "y", "origin": [4, 0, 2]},
			"faces": {
				"north": {"uv": [7.008, 6.258, 7.992, 6.992], "texture": "#0"},
				"east": {"uv": [7.008, 7.008, 7.992, 7.742], "texture": "#0"},
				"south": {"uv": [6.008, 7.258, 6.992, 7.992], "texture": "#0"},
				"west": {"uv": [0.008, 7.508, 0.992, 8.242], "texture": "#0"},
				"up": {"uv": [6.992, 7.242, 6.008, 6.258], "texture": "#0"},
				"down": {"uv": [0.992, 6.508, 0.008, 7.492], "texture": "#0"}
			}
		},
		{
			"from": [6.5, 2.34881, -3.27373],
			"to": [9.5, 4.34881, 0.72627],
			"rotation": {"angle": -22.5, "axis": "x", "origin": [7.5, 2.84881, -1.27373]},
			"faces": {
				"north": {"uv": [1.008, 7.508, 1.742, 7.992], "texture": "#0"},
				"east": {"uv": [7.758, 2.758, 8.742, 3.242], "texture": "#0"},
				"south": {"uv": [7.758, 3.258, 8.492, 3.742], "texture": "#0"},
				"west": {"uv": [3.258, 7.758, 4.242, 8.242], "texture": "#0"},
				"up": {"uv": [1.742, 7.492, 1.008, 6.508], "texture": "#0"},
				"down": {"uv": [8.242, 0.008, 7.508, 0.992], "texture": "#0"}
			}
		},
		{
			"from": [7, 0.49439, -5.04907],
			"to": [9, 2.49439, -2.04907],
			"rotation": {"angle": -45, "axis": "x", "origin": [7, 0.99439, -4.04907]},
			"faces": {
				"north": {"uv": [7.758, 4.258, 8.242, 4.742], "texture": "#0"},
				"east": {"uv": [7.758, 3.758, 8.492, 4.242], "texture": "#0"},
				"south": {"uv": [7.758, 4.758, 8.242, 5.242], "texture": "#0"},
				"west": {"uv": [4.258, 7.758, 4.992, 8.242], "texture": "#0"},
				"up": {"uv": [3.992, 5.242, 3.508, 4.508], "texture": "#0"},
				"down": {"uv": [3.992, 5.258, 3.508, 5.992], "texture": "#0"}
			}
		},
		{
			"from": [4.5, 9, 4.5],
			"to": [11.5, 17, 11.5],
			"rotation": {"angle": 0, "axis": "y", "origin": [3.5, 9, 4.5]},
			"faces": {
				"north": {"uv": [4.008, 0.008, 5.742, 1.992], "texture": "#0"},
				"east": {"uv": [4.008, 2.008, 5.742, 3.992], "texture": "#0"},
				"south": {"uv": [4.008, 4.008, 5.742, 5.992], "texture": "#0"},
				"west": {"uv": [0.008, 4.508, 1.742, 6.492], "texture": "#0"},
				"up": {"uv": [3.492, 6.242, 1.758, 4.508], "texture": "#0"},
				"down": {"uv": [7.492, 0.008, 5.758, 1.742], "texture": "#0"}
			}
		},
		{
			"from": [4, 8, 3],
			"to": [12, 9, 13],
			"rotation": {"angle": 0, "axis": "z", "origin": [8, 8.5, 8]},
			"faces": {
				"north": {"uv": [3.258, 7.508, 5.242, 7.742], "texture": "#0"},
				"east": {"uv": [7.508, 1.008, 9.992, 1.242], "texture": "#0"},
				"south": {"uv": [7.758, 2.508, 9.742, 2.742], "texture": "#0"},
				"west": {"uv": [7.508, 1.258, 9.992, 1.492], "texture": "#0"},
				"up": {"uv": [1.992, 2.492, 0.008, 0.008], "texture": "#0"},
				"down": {"uv": [3.992, 0.008, 2.008, 2.492], "texture": "#0"}
			}
		},
		{
			"from": [2.2294, 8.15328, 3.1],
			"to": [4.2294, 9.15328, 13.1],
			"rotation": {"angle": -22.5, "axis": "z", "origin": [3.7294, 8.65328, 8.1]},
			"faces": {
				"north": {"uv": [5.008, 7.758, 5.492, 7.992], "texture": "#0"},
				"east": {"uv": [7.508, 1.508, 9.992, 1.742], "texture": "#0"},
				"south": {"uv": [7.758, 5.258, 8.242, 5.492], "texture": "#0"},
				"west": {"uv": [7.758, 1.758, 10.242, 1.992], "texture": "#0"},
				"up": {"uv": [2.242, 8.742, 1.758, 6.258], "texture": "#0"},
				"down": {"uv": [2.742, 6.258, 2.258, 8.742], "texture": "#0"}
			}
		},
		{
			"from": [11.7706, 8.15328, 3.1],
			"to": [13.7706, 9.15328, 13.1],
			"rotation": {"angle": 22.5, "axis": "z", "origin": [12.2706, 8.65328, 8.1]},
			"faces": {
				"north": {"uv": [7.758, 5.508, 8.242, 5.742], "texture": "#0"},
				"east": {"uv": [7.758, 2.008, 10.242, 2.242], "texture": "#0"},
				"south": {"uv": [7.758, 5.758, 8.242, 5.992], "texture": "#0"},
				"west": {"uv": [7.758, 2.258, 10.242, 2.492], "texture": "#0"},
				"up": {"uv": [3.242, 8.742, 2.758, 6.258], "texture": "#0"},
				"down": {"uv": [5.992, 6.258, 5.508, 8.742], "texture": "#0"}
			}
		}
	],
	"gui_light": "front",
	"display": {
		"thirdperson_righthand": {
			"translation": [0, -0.75, 1.25],
			"scale": [0.7, 0.7, 0.7]
		},
		"thirdperson_lefthand": {
			"translation": [0, -0.75, 1.25],
			"scale": [0.7, 0.7, 0.7]
		},
		"firstperson_righthand": {
			"rotation": [0, 38, 0],
			"translation": [4, 5.5, 0],
			"scale": [0.7, 0.7, 0.7]
		},
		"firstperson_lefthand": {
			"rotation": [0, 38, 0],
			"translation": [4, 5.5, 0],
			"scale": [0.7, 0.7, 0.7]
		},
		"ground": {
			"rotation": [0, 0, 90],
			"scale": [0.6, 0.6, 0.6]
		},
		"gui": {
			"rotation": [32, 145, 0],
			"translation": [0, 0.75, 0],
			"scale": [0.7, 0.7, 0.7]
		},
		"head": {
			"translation": [0, 5.5, 0],
			"scale": [1.85, 1.85, 1.85]
		},
		"fixed": {
			"rotation": [-79.5, 0, 0],
			"translation": [0, 9.5, -9.75],
			"scale": [1.8, 1.8, 1.8]
		}
	}
}