{
	"credit": "Made with Blockbench",
	"texture_size": [64, 64],
	"textures": {
		"1": "item/knightshelm_yellow"
	},
	"elements": [
		{
			"from": [3.5, 4.25, 3.5],
			"to": [12.5, 8.25, 12.5],
			"faces": {
				"north": {"uv": [4.004, 0.004, 6.246, 0.996], "texture": "#1"},
				"east": {"uv": [4.004, 1.004, 6.246, 1.996], "texture": "#1"},
				"south": {"uv": [4.004, 2.004, 6.246, 2.996], "texture": "#1"},
				"west": {"uv": [4.504, 3.004, 6.746, 3.996], "texture": "#1"},
				"up": {"uv": [2.246, 5.246, 0.004, 3.004], "texture": "#1"},
				"down": {"uv": [4.496, 3.004, 2.254, 5.246], "texture": "#1"}
			}
		},
		{
			"from": [8, 8.25, 3.5],
			"to": [8, 14.25, 19.5],
			"faces": {
				"north": {"uv": [15.485, 0, 15.235, 1.492], "texture": "#1"},
				"east": {"uv": [0.004, 0.004, 3.996, 1.496], "texture": "#1"},
				"south": {"uv": [15.485, 0, 15.235, 1.492], "texture": "#1"},
				"west": {"uv": [0.004, 1.504, 3.996, 2.996], "texture": "#1"},
				"up": {"uv": [15.485, 3.992, 15.235, 0], "texture": "#1"},
				"down": {"uv": [15.485, 0, 15.235, 3.992], "texture": "#1"}
			}
		},
		{
			"from": [3.5, 0, 3.5],
			"to": [12.5, 2, 4.5],
			"faces": {
				"north": {"uv": [4.504, 4.004, 6.746, 4.496], "texture": "#1"},
				"east": {"uv": [1.004, 6.004, 1.246, 6.496], "texture": "#1"},
				"south": {"uv": [4.504, 4.504, 6.746, 4.996], "texture": "#1"},
				"west": {"uv": [1.254, 6.004, 1.496, 6.496], "texture": "#1"},
				"up": {"uv": [2.246, 5.996, 0.004, 5.754], "texture": "#1"},
				"down": {"uv": [4.496, 5.754, 2.254, 5.996], "texture": "#1"}
			}
		},
		{
			"from": [3.25, -1.75, 4],
			"to": [4, 0.25, 12.5],
			"rotation": {"angle": -22.5, "axis": "x", "origin": [0, 0, 0]},
			"faces": {
				"north": {"uv": [1.504, 6.004, 1.746, 6.496], "texture": "#1"},
				"east": {"uv": [4.504, 5.004, 6.746, 5.496], "texture": "#1"},
				"south": {"uv": [1.754, 6.004, 1.996, 6.496], "texture": "#1"},
				"west": {"uv": [0.004, 5.254, 2.246, 5.746], "texture": "#1"},
				"up": {"uv": [0.246, 8.246, 0.004, 6.004], "texture": "#1"},
				"down": {"uv": [0.496, 6.004, 0.254, 8.246], "texture": "#1"}
			}
		},
		{
			"from": [12, -1.75, 4],
			"to": [12.75, 0.25, 12.5],
			"rotation": {"angle": -22.5, "axis": "x", "origin": [0, 0, 0]},
			"faces": {
				"north": {"uv": [2.004, 6.004, 2.246, 6.496], "texture": "#1"},
				"east": {"uv": [2.254, 5.254, 4.496, 5.746], "texture": "#1"},
				"south": {"uv": [2.254, 6.004, 2.496, 6.496], "texture": "#1"},
				"west": {"uv": [4.504, 5.504, 6.746, 5.996], "texture": "#1"},
				"up": {"uv": [0.746, 8.246, 0.504, 6.004], "texture": "#1"},
				"down": {"uv": [0.996, 6.004, 0.754, 8.246], "texture": "#1"}
			}
		},
		{
			"from": [3, 3, 10],
			"to": [3.9, 5, 12],
			"faces": {
				"north": {"uv": [7.254, 0.504, 7.496, 0.996], "texture": "#1"},
				"east": {"uv": [7.504, 0.504, 7.996, 0.996], "texture": "#1"},
				"south": {"uv": [8.004, 0.504, 8.246, 0.996], "texture": "#1"},
				"west": {"uv": [7.504, 1.004, 7.996, 1.496], "texture": "#1"},
				"up": {"uv": [7.004, 0.504, 7.246, 0.996], "texture": "#1"},
				"down": {"uv": [7.254, 1.004, 7.496, 1.496], "texture": "#1"}
			}
		},
		{
			"from": [12.1, 3, 10],
			"to": [13, 5, 12],
			"faces": {
				"north": {"uv": [7.254, 0.504, 7.496, 0.996], "texture": "#1"},
				"east": {"uv": [7.504, 0.504, 7.996, 0.996], "texture": "#1"},
				"south": {"uv": [8.004, 0.504, 8.246, 0.996], "texture": "#1"},
				"west": {"uv": [7.504, 1.004, 7.996, 1.496], "texture": "#1"},
				"up": {"uv": [7.004, 0.504, 7.246, 0.996], "texture": "#1"},
				"down": {"uv": [7.254, 1.004, 7.496, 1.496], "texture": "#1"}
			}
		}
	],
	"gui_light": "front",
	"display": {
		"thirdperson_righthand": {
			"translation": [0, 0.75, 1.75],
			"scale": [0.6, 0.6, 0.6]
		},
		"thirdperson_lefthand": {
			"translation": [0, 0.75, 1.75],
			"scale": [0.6, 0.6, 0.6]
		},
		"firstperson_righthand": {
			"translation": [0, 5, 2.5],
			"scale": [0.7, 0.7, 0.7]
		},
		"firstperson_lefthand": {
			"translation": [0, 5, 2.5],
			"scale": [0.7, 0.7, 0.7]
		},
		"ground": {
			"translation": [0, 2.5, 0],
			"scale": [0.6, 0.6, 0.6]
		},
		"gui": {
			"rotation": [29, 138, 0],
			"translation": [0, 0.25, 0],
			"scale": [0.8, 0.8, 0.8]
		},
		"head": {
			"translation": [0, 7.25, 0],
			"scale": [1.7, 1.7, 1.7]
		},
		"fixed": {
			"rotation": [-90, 0, 0],
			"translation": [0, -0.25, -1.25],
			"scale": [1.8, 1.8, 1.8]
		}
	}
}