{
	"credit": "Made with Blockbench",
	"textures": {
		"0": "item/poison_cauldron",
		"particle": "item/poison_cauldron"
	},
	"elements": [
		{
			"from": [4, 1, 4],
			"to": [12, 7, 12],
			"rotation": {"angle": 0, "axis": "y", "origin": [4, 0, 4]},
			"faces": {
				"north": {"uv": [0, 0.5, 4, 3.5], "texture": "#0"},
				"east": {"uv": [0, 0.5, 4, 3.5], "texture": "#0"},
				"south": {"uv": [0, 0.5, 4, 3.5], "texture": "#0"},
				"west": {"uv": [0, 0.5, 4, 3.5], "texture": "#0"},
				"up": {"uv": [0, 7.5, 4, 11.5], "texture": "#0"},
				"down": {"uv": [0, 3.5, 4, 7.5], "texture": "#0"}
			}
		},
		{
			"from": [3.9, 1.9, 3.9],
			"to": [12.1, 8.1, 12.1],
			"rotation": {"angle": 0, "axis": "y", "origin": [4, 1, 4]},
			"faces": {
				"north": {"uv": [12, 4, 16, 7], "texture": "#0"},
				"east": {"uv": [12, 4, 16, 7], "texture": "#0"},
				"south": {"uv": [12, 4, 16, 7], "texture": "#0"},
				"west": {"uv": [12, 4, 16, 7], "texture": "#0"},
				"up": {"uv": [12, 0, 16, 4], "texture": "#0"},
				"down": {"uv": [0, 12, 4, 16], "texture": "#0"}
			}
		},
		{
			"from": [4, 7, 11],
			"to": [12, 8, 12],
			"rotation": {"angle": 0, "axis": "y", "origin": [8, 7.5, 8]},
			"faces": {
				"north": {"uv": [0, 0, 4, 0.5], "texture": "#0"},
				"east": {"uv": [3.5, 0, 4, 0.5], "texture": "#0"},
				"south": {"uv": [0, 0, 4, 0.5], "texture": "#0"},
				"west": {"uv": [0, 0, 0.5, 0.5], "texture": "#0"},
				"up": {"uv": [0, 0, 4, 0.5], "texture": "#0"},
				"down": {"uv": [0, 0, 4, 0.5], "rotation": 180, "texture": "#0"}
			}
		},
		{
			"from": [4, 7, 4],
			"to": [12, 8, 5],
			"rotation": {"angle": 0, "axis": "y", "origin": [8, 7.5, 1]},
			"faces": {
				"north": {"uv": [0, 0, 4, 0.5], "texture": "#0"},
				"east": {"uv": [3.5, 0, 4, 0.5], "texture": "#0"},
				"south": {"uv": [0, 0, 4, 0.5], "texture": "#0"},
				"west": {"uv": [0, 0, 0.5, 0.5], "texture": "#0"},
				"up": {"uv": [0, 0, 4, 0.5], "texture": "#0"},
				"down": {"uv": [0, 0, 4, 0.5], "rotation": 180, "texture": "#0"}
			}
		},
		{
			"from": [4, 7, 5],
			"to": [5, 8, 11],
			"rotation": {"angle": 0, "axis": "y", "origin": [8, 7.5, 8]},
			"faces": {
				"north": {"uv": [0, 0, 0.5, 0.5], "texture": "#0"},
				"east": {"uv": [0.5, 0, 3.5, 0.5], "texture": "#0"},
				"south": {"uv": [3.5, 0, 4, 0.5], "texture": "#0"},
				"west": {"uv": [0.5, 0, 3.5, 0.5], "texture": "#0"},
				"up": {"uv": [0.5, 0, 3.5, 0.5], "rotation": 90, "texture": "#0"},
				"down": {"uv": [0.5, 0, 3.5, 0.5], "rotation": 90, "texture": "#0"}
			}
		},
		{
			"from": [11, 7, 5],
			"to": [12, 8, 11],
			"rotation": {"angle": 0, "axis": "y", "origin": [15, 7.5, 8]},
			"faces": {
				"north": {"uv": [0, 0, 0.5, 0.5], "texture": "#0"},
				"east": {"uv": [0.5, 0, 3.5, 0.5], "texture": "#0"},
				"south": {"uv": [3.5, 0, 4, 0.5], "texture": "#0"},
				"west": {"uv": [0.5, 0, 3.5, 0.5], "texture": "#0"},
				"up": {"uv": [0.5, 0, 3.5, 0.5], "rotation": 90, "texture": "#0"},
				"down": {"uv": [0.5, 0, 3.5, 0.5], "rotation": 90, "texture": "#0"}
			}
		},
		{
			"from": [10, 0, 10],
			"to": [12, 1, 12],
			"rotation": {"angle": 0, "axis": "y", "origin": [4, -1, 10]},
			"faces": {
				"north": {"uv": [4, 0, 5, 0.5], "texture": "#0"},
				"east": {"uv": [5, 0, 4, 0.5], "texture": "#0"},
				"south": {"uv": [4, 0, 5, 0.5], "texture": "#0"},
				"west": {"uv": [5, 0, 4, 0.5], "texture": "#0"},
				"up": {"uv": [4, 0.5, 5, 1.5], "texture": "#0"},
				"down": {"uv": [4, 0.5, 5, 1.5], "texture": "#0"}
			}
		},
		{
			"from": [4, 0, 10],
			"to": [6, 1, 12],
			"rotation": {"angle": 0, "axis": "y", "origin": [-2, -1, 10]},
			"faces": {
				"north": {"uv": [5, 0, 4, 0.5], "texture": "#0"},
				"east": {"uv": [4, 0, 5, 0.5], "texture": "#0"},
				"south": {"uv": [5, 0, 4, 0.5], "texture": "#0"},
				"west": {"uv": [4, 0, 5, 0.5], "texture": "#0"},
				"up": {"uv": [4, 0.5, 5, 1.5], "texture": "#0"},
				"down": {"uv": [5, 0.5, 4, 1.5], "texture": "#0"}
			}
		},
		{
			"from": [4, 0, 4],
			"to": [6, 1, 6],
			"rotation": {"angle": 0, "axis": "y", "origin": [-2, -1, 4]},
			"faces": {
				"north": {"uv": [4, 0, 5, 0.5], "texture": "#0"},
				"east": {"uv": [5, 0, 4, 0.5], "texture": "#0"},
				"south": {"uv": [4, 0, 5, 0.5], "texture": "#0"},
				"west": {"uv": [5, 0, 4, 0.5], "texture": "#0"},
				"up": {"uv": [4, 0.5, 5, 1.5], "texture": "#0"},
				"down": {"uv": [4, 0.5, 5, 1.5], "texture": "#0"}
			}
		},
		{
			"from": [10, 0, 4],
			"to": [12, 1, 6],
			"rotation": {"angle": 0, "axis": "y", "origin": [4, -1, 4]},
			"faces": {
				"north": {"uv": [5, 0, 4, 0.5], "texture": "#0"},
				"east": {"uv": [4, 0, 5, 0.5], "texture": "#0"},
				"south": {"uv": [5, 0, 4, 0.5], "texture": "#0"},
				"west": {"uv": [4, 0, 5, 0.5], "texture": "#0"},
				"up": {"uv": [4, 0.5, 5, 1.5], "texture": "#0"},
				"down": {"uv": [5, 0.5, 4, 1.5], "texture": "#0"}
			}
		},
		{
			"from": [8, 8, 4],
			"to": [8, 18, 12],
			"rotation": {"angle": 45, "axis": "y", "origin": [8, 12, 8]},
			"faces": {
				"north": {"uv": [16, 0, 16, 5], "texture": "#0"},
				"east": {"uv": [8, 1.5, 4, 6.5], "texture": "#0"},
				"south": {"uv": [16, 0, 16, 5], "texture": "#0"},
				"west": {"uv": [4, 1.5, 8, 6.5], "texture": "#0"},
				"up": {"uv": [16, 0, 16, 4], "texture": "#0"},
				"down": {"uv": [16, 0, 16, 4], "texture": "#0"}
			}
		},
		{
			"from": [4, 8, 8],
			"to": [12, 18, 8],
			"rotation": {"angle": 45, "axis": "y", "origin": [8, 12, 8]},
			"faces": {
				"north": {"uv": [8, 6.5, 4, 11.5], "texture": "#0"},
				"east": {"uv": [16, 0, 16, 5], "texture": "#0"},
				"south": {"uv": [4, 6.5, 8, 11.5], "texture": "#0"},
				"west": {"uv": [16, 0, 16, 5], "texture": "#0"},
				"up": {"uv": [16, 0, 16, 4], "rotation": 270, "texture": "#0"},
				"down": {"uv": [16, 0, 16, 4], "rotation": 90, "texture": "#0"}
			}
		}
	],
	"gui_light": "front",
	"display": {
		"thirdperson_righthand": {
			"rotation": [67, 45, 0],
			"translation": [0.25, 2.75, 2.25],
			"scale": [0.8, 0.8, 0.8]
		},
		"thirdperson_lefthand": {
			"rotation": [67, 45, 0],
			"translation": [0.25, 2.75, 2.25],
			"scale": [0.8, 0.8, 0.8]
		},
		"firstperson_righthand": {
			"translation": [0, 1.25, 0]
		},
		"firstperson_lefthand": {
			"translation": [0, 1.25, 0]
		},
		"ground": {
			"translation": [0, 2.5, 0],
			"scale": [0.6, 0.6, 0.6]
		},
		"gui": {
			"rotation": [26, 135, 0],
			"translation": [0, 3, 0]
		},
		"head": {
			"translation": [0, 10.75, 0],
			"scale": [2, 2, 2]
		},
		"fixed": {
			"rotation": [-90, 0, 0],
			"translation": [0, 0, -19.75],
			"scale": [2.5, 2.5, 2.5]
		}
	}
}