{
	"credit": "Made with Blockbench",
	"texture_size": [64, 64],
	"textures": {
		"0": "item/top_hat",
		"particle": "item/top_hat"
	},
	"elements": [
		{
			"from": [4, 1, 4],
			"to": [12, 9, 12],
			"faces": {
				"north": {"uv": [10.008, 0.008, 11.992, 1.992], "texture": "#0"},
				"east": {"uv": [10.008, 0.008, 11.992, 1.992], "texture": "#0"},
				"south": {"uv": [10.008, 0.008, 11.992, 1.992], "texture": "#0"},
				"west": {"uv": [10.008, 0.008, 11.992, 1.992], "texture": "#0"},
				"up": {"uv": [13.992, 1.992, 12.008, 0.008], "texture": "#0"},
				"down": {"uv": [13.992, 0.008, 12.008, 1.992], "texture": "#0"}
			}
		},
		{
			"from": [3, 0, 3],
			"to": [13, 1, 13],
			"faces": {
				"north": {"uv": [11.008, 14.008, 13.492, 14.242], "texture": "#0"},
				"east": {"uv": [11.008, 14.008, 13.492, 14.242], "texture": "#0"},
				"south": {"uv": [11.008, 14.008, 13.492, 14.242], "texture": "#0"},
				"west": {"uv": [11.008, 14.008, 13.492, 14.242], "texture": "#0"},
				"up": {"uv": [2.492, 2.492, 0.008, 0.008], "texture": "#0"},
				"down": {"uv": [2.492, 0.008, 0.008, 2.492], "texture": "#0"}
			}
		}
	],
	"gui_light": "front",
	"display": {
		"thirdperson_righthand": {
			"rotation": [0, 45, 0],
			"translation": [0, 0.5, 0],
			"scale": [0.5, 0.5, 0.5]
		},
		"thirdperson_lefthand": {
			"rotation": [0, 45, 0],
			"translation": [0, 0.5, 0],
			"scale": [0.5, 0.5, 0.5]
		},
		"firstperson_righthand": {
			"rotation": [8, 26, 0],
			"translation": [4.25, 6.5, 0]
		},
		"firstperson_lefthand": {
			"rotation": [8, 26, 0],
			"translation": [4.25, 6.5, 0]
		},
		"ground": {
			"rotation": [90, 0, 0],
			"translation": [0, -1.5, 2],
			"scale": [0.5, 0.5, 0.5]
		},
		"gui": {
			"rotation": [0, 180, 0],
			"translation": [0, 3.75, 0],
			"scale": [1.2, 1.2, 1.2]
		},
		"head": {
			"translation": [0, 16.75, 0],
			"scale": [1.7, 1.7, 1.7]
		},
		"fixed": {
			"translation": [0, 5, 0],
			"scale": [1.5, 1.5, 1.5]
		}
	}
}