{
	"credit": "Made with Blockbench",
	"textures": {
		"0": "item/size_core",
		"particle": "item/size_core"
	},
	"elements": [
		{
			"from": [6, 3, 6],
			"to": [10, 7, 10],
			"rotation": {"angle": 0, "axis": "y", "origin": [6, 3, 6]},
			"faces": {
				"north": {"uv": [12, 0, 16, 4], "texture": "#0"},
				"east": {"uv": [12, 0, 16, 4], "texture": "#0"},
				"south": {"uv": [12, 0, 16, 4], "texture": "#0"},
				"west": {"uv": [12, 0, 16, 4], "texture": "#0"},
				"up": {"uv": [16, 4, 12, 0], "texture": "#0"},
				"down": {"uv": [16, 0, 12, 4], "texture": "#0"}
			}
		},
		{
			"name": "cube_outline",
			"from": [12, 9, 12],
			"to": [4, 1, 4],
			"rotation": {"angle": 0, "axis": "y", "origin": [6, 3, 6]},
			"faces": {
				"north": {"uv": [0, 0, 8, 8], "texture": "#0"},
				"east": {"uv": [0, 0, 8, 8], "texture": "#0"},
				"south": {"uv": [0, 0, 8, 8], "texture": "#0"},
				"west": {"uv": [0, 0, 8, 8], "texture": "#0"},
				"up": {"uv": [8, 8, 0, 0], "texture": "#0"},
				"down": {"uv": [8, 0, 0, 8], "texture": "#0"}
			}
		}
	],
	"gui_light": "front",
	"display": {
		"thirdperson_righthand": {
			"rotation": [55, 45, 0],
			"translation": [-6, 8, 2],
			"scale": [1.2, 1.2, 1.2]
		},
		"thirdperson_lefthand": {
			"rotation": [55, 45, 0],
			"translation": [-6, 8, 2],
			"scale": [1.2, 1.2, 1.2]
		},
		"firstperson_righthand": {
			"rotation": [0, 45, 21],
			"translation": [1.25, 5.25, 0]
		},
		"firstperson_lefthand": {
			"rotation": [0, 45, 21],
			"translation": [1.25, 5.25, 0]
		},
		"ground": {
			"rotation": [45, 45, 180],
			"translation": [0.25, 0, -2],
			"scale": [0.7, 0.7, 0.7]
		},
		"gui": {
			"rotation": [20, 135, 0],
			"translation": [0, 3.25, 0],
			"scale": [1.2, 1.2, 1.2]
		},
		"head": {
			"translation": [0, 6.25, 0],
			"scale": [2, 2, 2]
		},
		"fixed": {
			"translation": [0, 7.25, -10.25],
			"scale": [2.5, 2.5, 2.5]
		}
	}
}