{
	"credit": "Made with Blockbench",
	"textures": {
		"0": "item/big"
	},
	"elements": [
		{
			"from": [5, 0, 0],
			"to": [12, 3, 1],
			"rotation": {"angle": 0, "axis": "y", "origin": [5, 0, 0]},
			"faces": {
				"north": {"uv": [4, 13, 11, 16], "texture": "#0"},
				"east": {"uv": [4, 13, 5, 16], "texture": "#0"},
				"south": {"uv": [4, 13, 11, 16], "texture": "#0"},
				"west": {"uv": [10, 13, 11, 16], "texture": "#0"},
				"up": {"uv": [4, 13, 11, 14], "texture": "#0"},
				"down": {"uv": [4, 15, 11, 16], "texture": "#0"}
			}
		},
		{
			"from": [6, 3, 0],
			"to": [11, 8, 1],
			"rotation": {"angle": 0, "axis": "y", "origin": [5, 5, 0]},
			"faces": {
				"north": {"uv": [5, 8, 10, 13], "texture": "#0"},
				"east": {"uv": [5, 8, 6, 13], "texture": "#0"},
				"south": {"uv": [5, 8, 10, 13], "texture": "#0"},
				"west": {"uv": [9, 8, 10, 13], "texture": "#0"},
				"up": {"uv": [5, 8, 10, 9], "texture": "#0"},
				"down": {"uv": [5, 12, 10, 13], "texture": "#0"}
			}
		},
		{
			"from": [3, 8, 0],
			"to": [14, 10, 1],
			"rotation": {"angle": 0, "axis": "y", "origin": [5, 7, 0]},
			"faces": {
				"north": {"uv": [2, 6, 13, 8], "texture": "#0"},
				"east": {"uv": [2, 6, 3, 8], "texture": "#0"},
				"south": {"uv": [2, 6, 13, 8], "texture": "#0"},
				"west": {"uv": [12, 6, 13, 8], "texture": "#0"},
				"up": {"uv": [2, 6, 13, 7], "texture": "#0"},
				"down": {"uv": [2, 7, 13, 8], "texture": "#0"}
			}
		},
		{
			"from": [4, 10, 0],
			"to": [13, 11, 1],
			"rotation": {"angle": 0, "axis": "y", "origin": [5, 8, 0]},
			"faces": {
				"north": {"uv": [3, 5, 12, 6], "texture": "#0"},
				"east": {"uv": [3, 5, 4, 6], "texture": "#0"},
				"south": {"uv": [3, 5, 12, 6], "texture": "#0"},
				"west": {"uv": [11, 5, 12, 6], "texture": "#0"},
				"up": {"uv": [3, 5, 12, 6], "texture": "#0"},
				"down": {"uv": [3, 5, 12, 6], "texture": "#0"}
			}
		},
		{
			"from": [5, 11, 0],
			"to": [12, 12, 1],
			"rotation": {"angle": 0, "axis": "y", "origin": [5, 9, 0]},
			"faces": {
				"north": {"uv": [4, 4, 11, 5], "texture": "#0"},
				"east": {"uv": [4, 4, 5, 5], "texture": "#0"},
				"south": {"uv": [4, 4, 11, 5], "texture": "#0"},
				"west": {"uv": [10, 4, 11, 5], "texture": "#0"},
				"up": {"uv": [4, 4, 11, 5], "texture": "#0"},
				"down": {"uv": [4, 4, 11, 5], "texture": "#0"}
			}
		},
		{
			"from": [6, 12, 0],
			"to": [11, 13, 1],
			"rotation": {"angle": 0, "axis": "y", "origin": [5, 10, 0]},
			"faces": {
				"north": {"uv": [5, 3, 10, 4], "texture": "#0"},
				"east": {"uv": [5, 3, 6, 4], "texture": "#0"},
				"south": {"uv": [5, 3, 10, 4], "texture": "#0"},
				"west": {"uv": [9, 3, 10, 4], "texture": "#0"},
				"up": {"uv": [5, 3, 10, 4], "texture": "#0"},
				"down": {"uv": [5, 3, 10, 4], "texture": "#0"}
			}
		},
		{
			"from": [7, 13, 0],
			"to": [10, 14, 1],
			"rotation": {"angle": 0, "axis": "y", "origin": [5, 11, 0]},
			"faces": {
				"north": {"uv": [6, 2, 9, 3], "texture": "#0"},
				"east": {"uv": [6, 2, 7, 3], "texture": "#0"},
				"south": {"uv": [6, 2, 9, 3], "texture": "#0"},
				"west": {"uv": [8, 2, 9, 3], "texture": "#0"},
				"up": {"uv": [6, 2, 9, 3], "texture": "#0"},
				"down": {"uv": [6, 2, 9, 3], "texture": "#0"}
			}
		},
		{
			"from": [8, 14, 0],
			"to": [9, 15, 1],
			"rotation": {"angle": 0, "axis": "y", "origin": [5, 12, 0]},
			"faces": {
				"north": {"uv": [7, 1, 8, 2], "texture": "#0"},
				"east": {"uv": [7, 1, 8, 2], "texture": "#0"},
				"south": {"uv": [7, 1, 8, 2], "texture": "#0"},
				"west": {"uv": [7, 1, 8, 2], "texture": "#0"},
				"up": {"uv": [7, 1, 8, 2], "texture": "#0"},
				"down": {"uv": [7, 1, 8, 2], "texture": "#0"}
			}
		}
	],
	"gui_light": "front",
	"display": {
		"thirdperson_righthand": {
			"rotation": [94, 0, 0],
			"translation": [0, -4.5, -0.5],
			"scale": [0.7, 0.7, 0.7]
		},
		"thirdperson_lefthand": {
			"rotation": [94, 0, 0],
			"translation": [0, -4.5, -0.5],
			"scale": [0.7, 0.7, 0.7]
		},
		"firstperson_righthand": {
			"translation": [9, 2.75, 0]
		},
		"firstperson_lefthand": {
			"translation": [9, 2.75, 0]
		},
		"ground": {
			"translation": [0, 2.25, 5],
			"scale": [0.7, 0.7, 0.7]
		},
		"gui": {
			"rotation": [0, 180, 0],
			"translation": [0.5, 0, 0]
		},
		"head": {
			"translation": [-0.5, 0, 14.5]
		},
		"fixed": {
			"translation": [-0.5, 0, 10.5],
			"scale": [1.4, 1.4, 1.4]
		}
	}
}