{
	"credit": "Made with Blockbench",
	"texture_size": [64, 64],
	"textures": {
		"0": "item/top_hat",
		"particle": "item/top_hat"
	},
	"elements": [
		{
			"from": [4, 1, 4],
			"to": [12, 9, 12],
			"faces": {
				"north": {"uv": [2.016, 14.008, 4, 15.992], "texture": "#0"},
				"east": {"uv": [2.016, 14.008, 4, 15.992], "texture": "#0"},
				"south": {"uv": [2.016, 14.008, 4, 15.992], "texture": "#0"},
				"west": {"uv": [2.016, 14.008, 4, 15.992], "texture": "#0"},
				"up": {"uv": [5.992, 15.992, 4.008, 14.008], "texture": "#0"},
				"down": {"uv": [5.992, 14.008, 4.008, 15.992], "texture": "#0"}
			}
		},
		{
			"from": [3, 0, 3],
			"to": [13, 1, 13],
			"faces": {
				"north": {"uv": [13.516, 15.508, 16, 15.742], "texture": "#0"},
				"east": {"uv": [13.516, 15.508, 16, 15.742], "texture": "#0"},
				"south": {"uv": [13.516, 15.508, 16, 15.742], "texture": "#0"},
				"west": {"uv": [13.516, 15.508, 16, 15.742], "texture": "#0"},
				"up": {"uv": [7.484, 9.992, 5, 7.508], "texture": "#0"},
				"down": {"uv": [7.484, 7.508, 5, 9.992], "texture": "#0"}
			}
		}
	],
	"gui_light": "front",
	"display": {
		"thirdperson_righthand": {
			"rotation": [0, 45, 0],
			"translation": [0, 0.5, 0],
			"scale": [0.5, 0.5, 0.5]
		},
		"thirdperson_lefthand": {
			"rotation": [0, 45, 0],
			"translation": [0, 0.5, 0],
			"scale": [0.5, 0.5, 0.5]
		},
		"firstperson_righthand": {
			"rotation": [8, 26, 0],
			"translation": [4.25, 6.5, 0]
		},
		"firstperson_lefthand": {
			"rotation": [8, 26, 0],
			"translation": [4.25, 6.5, 0]
		},
		"ground": {
			"rotation": [90, 0, 0],
			"translation": [0, -1.5, 2],
			"scale": [0.5, 0.5, 0.5]
		},
		"gui": {
			"rotation": [0, 180, 0],
			"translation": [0, 3.75, 0],
			"scale": [1.2, 1.2, 1.2]
		},
		"head": {
			"translation": [0, 16.75, 0],
			"scale": [1.7, 1.7, 1.7]
		},
		"fixed": {
			"translation": [0, 5, 0],
			"scale": [1.5, 1.5, 1.5]
		}
	}
}