{
  "parent": "minecraft:block/orientable",
  "textures": {
    "top": "minecraft:block/pumpkin_top",
    "front": "minecraft:block/carved_pumpkin",
    "side": "minecraft:block/pumpkin_side"
  },
    "overrides": [
        {"predicate": {"custom_model_data": 1}, "model": "item/top_hat_red"},
        {"predicate": {"custom_model_data": 2}, "model": "item/top_hat_orange"},
        {"predicate": {"custom_model_data": 3}, "model": "item/top_hat_yellow"},
        {"predicate": {"custom_model_data": 4}, "model": "item/top_hat_lime"},
        {"predicate": {"custom_model_data": 5}, "model": "item/top_hat_green"},
        {"predicate": {"custom_model_data": 6}, "model": "item/top_hat_cyan"},
        {"predicate": {"custom_model_data": 7}, "model": "item/top_hat_lightblue"},
        {"predicate": {"custom_model_data": 8}, "model": "item/top_hat_blue"},
        {"predicate": {"custom_model_data": 9}, "model": "item/top_hat_purple"},
        {"predicate": {"custom_model_data": 10}, "model": "item/top_hat_magenta"},
        {"predicate": {"custom_model_data": 11}, "model": "item/top_hat_pink"},
        {"predicate": {"custom_model_data": 12}, "model": "item/top_hat_brown"},
        {"predicate": {"custom_model_data": 13}, "model": "item/top_hat_black"},
        {"predicate": {"custom_model_data": 14}, "model": "item/top_hat_grey"},
        {"predicate": {"custom_model_data": 15}, "model": "item/top_hat_lightgrey"},
        {"predicate": {"custom_model_data": 16}, "model": "item/top_hat_white"},
        {"predicate": {"custom_model_data": 17}, "model": "item/top_hat_black_red"},
        {"predicate": {"custom_model_data": 18}, "model": "item/top_hat_black_orange"},
        {"predicate": {"custom_model_data": 19}, "model": "item/top_hat_black_yellow"},
        {"predicate": {"custom_model_data": 20}, "model": "item/top_hat_black_lime"},
        {"predicate": {"custom_model_data": 21}, "model": "item/top_hat_black_green"},
        {"predicate": {"custom_model_data": 22}, "model": "item/top_hat_black_cyan"},
        {"predicate": {"custom_model_data": 23}, "model": "item/top_hat_black_lightblue"},
        {"predicate": {"custom_model_data": 24}, "model": "item/top_hat_black_blue"},
        {"predicate": {"custom_model_data": 25}, "model": "item/top_hat_black_purple"},
        {"predicate": {"custom_model_data": 26}, "model": "item/top_hat_black_magenta"},
        {"predicate": {"custom_model_data": 27}, "model": "item/top_hat_black_pink"},
        {"predicate": {"custom_model_data": 28}, "model": "item/top_hat_black_brown"},
        {"predicate": {"custom_model_data": 29}, "model": "item/top_hat_black_black"},
        {"predicate": {"custom_model_data": 30}, "model": "item/top_hat_black_grey"},
        {"predicate": {"custom_model_data": 31}, "model": "item/top_hat_black_lightgrey"},
        {"predicate": {"custom_model_data": 32}, "model": "item/top_hat_black_white"},
        {"predicate": {"custom_model_data": 33}, "model": "item/top_hat_white_red"},
        {"predicate": {"custom_model_data": 34}, "model": "item/top_hat_white_orange"},
        {"predicate": {"custom_model_data": 35}, "model": "item/top_hat_white_yellow"},
        {"predicate": {"custom_model_data": 36}, "model": "item/top_hat_white_lime"},
        {"predicate": {"custom_model_data": 37}, "model": "item/top_hat_white_green"},
        {"predicate": {"custom_model_data": 38}, "model": "item/top_hat_white_cyan"},
        {"predicate": {"custom_model_data": 39}, "model": "item/top_hat_white_lightblue"},
        {"predicate": {"custom_model_data": 40}, "model": "item/top_hat_white_blue"},
        {"predicate": {"custom_model_data": 41}, "model": "item/top_hat_white_purple"},
        {"predicate": {"custom_model_data": 42}, "model": "item/top_hat_white_magenta"},
        {"predicate": {"custom_model_data": 43}, "model": "item/top_hat_white_pink"},
        {"predicate": {"custom_model_data": 44}, "model": "item/top_hat_white_brown"},
        {"predicate": {"custom_model_data": 45}, "model": "item/top_hat_white_black"},
        {"predicate": {"custom_model_data": 46}, "model": "item/top_hat_white_grey"},
        {"predicate": {"custom_model_data": 47}, "model": "item/top_hat_white_lightgrey"},
        {"predicate": {"custom_model_data": 48}, "model": "item/top_hat_white_white"},
        {"predicate": {"custom_model_data": 49}, "model": "item/crown_copper"},
        {"predicate": {"custom_model_data": 50}, "model": "item/crown_iron"},
        {"predicate": {"custom_model_data": 51}, "model": "item/crown_gold"},
        {"predicate": {"custom_model_data": 52}, "model": "item/crown_emerald"},
        {"predicate": {"custom_model_data": 53}, "model": "item/crown_diamond"},
        {"predicate": {"custom_model_data": 54}, "model": "item/crown_netherite"},
        {"predicate": {"custom_model_data": 55}, "model": "item/viennahat"},
        {"predicate": {"custom_model_data": 56}, "model": "item/knightshelm"},
        {"predicate": {"custom_model_data": 57}, "model": "item/hat_farmer"},
        {"predicate": {"custom_model_data": 58}, "model": "item/hat_fletcher"},
        {"predicate": {"custom_model_data": 59}, "model": "item/hat_armorer"},
        {"predicate": {"custom_model_data": 60}, "model": "item/hat_librarian"},
        {"predicate": {"custom_model_data": 61}, "model": "item/knightshelmblue"},
        {"predicate": {"custom_model_data": 62}, "model": "item/quicto_cauldron"},
        {"predicate": {"custom_model_data": 63}, "model": "item/villager_nose"},
        {"predicate": {"custom_model_data": 64}, "model": "item/size_extra_small"},
        {"predicate": {"custom_model_data": 65}, "model": "item/size_small"},
        {"predicate": {"custom_model_data": 66}, "model": "item/size_big"},
        {"predicate": {"custom_model_data": 67}, "model": "item/size_extra_big"},
        {"predicate": {"custom_model_data": 68}, "model": "item/poison_cauldron"},
        {"predicate": {"custom_model_data": 69}, "model": "item/plague_doctor"},
        {"predicate": {"custom_model_data": 70}, "model": "item/scarf"},
        {"predicate": {"custom_model_data": 71}, "model": "item/spinny_hat"},
        {"predicate": {"custom_model_data": 72}, "model": "item/sunglasses"},
        {"predicate": {"custom_model_data": 73}, "model": "item/wizards_hat"},
        {"predicate": {"custom_model_data": 74}, "model": "item/crown_amethyst"},
        {"predicate": {"custom_model_data": 75}, "model": "item/head_cluster"},
        {"predicate": {"custom_model_data": 76}, "model": "item/fes_finished"},
        {"predicate": {"custom_model_data": 77}, "model": "item/maks_glasses"},
        {"predicate": {"custom_model_data": 78}, "model": "item/crown_netherite_emerald"},
        {"predicate": {"custom_model_data": 79}, "model": "item/knightshelm_orange"},
        {"predicate": {"custom_model_data": 80}, "model": "item/knightshelm_yellow"},
        {"predicate": {"custom_model_data": 81}, "model": "item/knightshelm_lime"},
        {"predicate": {"custom_model_data": 82}, "model": "item/knightshelm_green"},
        {"predicate": {"custom_model_data": 83}, "model": "item/knightshelm_cyan"},
        {"predicate": {"custom_model_data": 84}, "model": "item/knightshelm_lightblue"},
        {"predicate": {"custom_model_data": 85}, "model": "item/knightshelm_purple"},
        {"predicate": {"custom_model_data": 86}, "model": "item/knightshelm_magenta"},
        {"predicate": {"custom_model_data": 87}, "model": "item/knightshelm_pink"},
        {"predicate": {"custom_model_data": 88}, "model": "item/viennahat_red"},
        {"predicate": {"custom_model_data": 89}, "model": "item/viennahat_orange"},
        {"predicate": {"custom_model_data": 90}, "model": "item/viennahat_yellow"},
        {"predicate": {"custom_model_data": 91}, "model": "item/viennahat_lime"},
        {"predicate": {"custom_model_data": 92}, "model": "item/viennahat_green"},
        {"predicate": {"custom_model_data": 93}, "model": "item/viennahat_cyan"},
        {"predicate": {"custom_model_data": 94}, "model": "item/viennahat_blue"},
        {"predicate": {"custom_model_data": 95}, "model": "item/viennahat_purple"},
        {"predicate": {"custom_model_data": 96}, "model": "item/viennahat_magenta"},
        {"predicate": {"custom_model_data": 97}, "model": "item/viennahat_pink"},
        {"predicate": {"custom_model_data": 98}, "model": "item/viennahat_brown"},
        {"predicate": {"custom_model_data": 99}, "model": "item/viennahat_black"},
        {"predicate": {"custom_model_data": 100}, "model": "item/viennahat_gray"},
        {"predicate": {"custom_model_data": 101}, "model": "item/viennahat_lightgray"},
        {"predicate": {"custom_model_data": 102}, "model": "item/viennahat_white"},
        {"predicate": {"custom_model_data": 103}, "model": "item/knightshelm_white"},
        {"predicate": {"custom_model_data": 104}, "model": "item/wizards_hat_black"},
        {"predicate": {"custom_model_data": 105}, "model": "item/wizards_hat_blue"},
        {"predicate": {"custom_model_data": 106}, "model": "item/wizards_hat_brown"},
        {"predicate": {"custom_model_data": 107}, "model": "item/wizards_hat_cyan"},
        {"predicate": {"custom_model_data": 108}, "model": "item/wizards_hat_green"},
        {"predicate": {"custom_model_data": 109}, "model": "item/wizards_hat_grey"},
        {"predicate": {"custom_model_data": 110}, "model": "item/wizards_hat_light_grey"},
        {"predicate": {"custom_model_data": 111}, "model": "item/wizards_hat_light_blue"},
        {"predicate": {"custom_model_data": 112}, "model": "item/wizards_hat_lime"},
        {"predicate": {"custom_model_data": 113}, "model": "item/wizards_hat_orange"},
        {"predicate": {"custom_model_data": 114}, "model": "item/wizards_hat_pink"},
        {"predicate": {"custom_model_data": 115}, "model": "item/wizards_hat_white"},
        {"predicate": {"custom_model_data": 116}, "model": "item/wizards_hat_yellow"},
        {"predicate": {"custom_model_data": 117}, "model": "item/mask_axolotl"},
        {"predicate": {"custom_model_data": 118}, "model": "item/mask_cave_spider"},
        {"predicate": {"custom_model_data": 119}, "model": "item/mask_creaking"},
        {"predicate": {"custom_model_data": 120}, "model": "item/mask_enderman"},
        {"predicate": {"custom_model_data": 121}, "model": "item/mask_herobrine"},
        {"predicate": {"custom_model_data": 122}, "model": "item/mask_spider"},
        {"predicate": {"custom_model_data": 123}, "model": "item/mask_warden"},
        {"predicate": {"custom_model_data": 124}, "model": "item/mask_zombie"},
        {"predicate": {"custom_model_data": 125}, "model": "item/wizards_hat_purple"},
        {"predicate": {"custom_model_data": 126}, "model": "item/wizards_hat_red"}
    ]
}