{
	"credit": "Made with Blockbench",
	"texture_size": [32, 32],
	"textures": {
		"0": "item/gold_crown",
		"particle": "item/gold_crown"
	},
	"elements": [
		{
			"from": [3, 6, 3],
			"to": [13, 7, 4],
			"faces": {
				"north": {"uv": [0.008, 0.008, 4.992, 0.492], "texture": "#0"},
				"east": {"uv": [3.008, 6.508, 3.492, 6.992], "texture": "#0"},
				"south": {"uv": [0.008, 0.508, 4.992, 0.992], "texture": "#0"},
				"west": {"uv": [3.508, 6.508, 3.992, 6.992], "texture": "#0"},
				"up": {"uv": [4.992, 1.492, 0.008, 1.008], "texture": "#0"},
				"down": {"uv": [4.992, 1.508, 0.008, 1.992], "texture": "#0"}
			}
		},
		{
			"from": [7, 7, 3],
			"to": [9, 8, 4],
			"faces": {
				"north": {"uv": [5.008, 0.508, 5.992, 0.992], "texture": "#0"},
				"east": {"uv": [6.508, 6.008, 6.992, 6.492], "texture": "#0"},
				"south": {"uv": [5.008, 1.008, 5.992, 1.492], "texture": "#0"},
				"west": {"uv": [6.508, 6.508, 6.992, 6.992], "texture": "#0"},
				"up": {"uv": [5.992, 1.992, 5.008, 1.508], "texture": "#0"},
				"down": {"uv": [2.992, 5.008, 2.008, 5.492], "texture": "#0"}
			}
		},
		{
			"from": [11, 7, 3],
			"to": [13, 8, 4],
			"faces": {
				"north": {"uv": [5.008, 2.008, 5.992, 2.492], "texture": "#0"},
				"east": {"uv": [7.008, 0.508, 7.492, 0.992], "texture": "#0"},
				"south": {"uv": [5.008, 2.508, 5.992, 2.992], "texture": "#0"},
				"west": {"uv": [7.008, 1.008, 7.492, 1.492], "texture": "#0"},
				"up": {"uv": [3.992, 5.492, 3.008, 5.008], "texture": "#0"},
				"down": {"uv": [5.992, 3.008, 5.008, 3.492], "texture": "#0"}
			}
		},
		{
			"from": [3, 7, 3],
			"to": [5, 8, 4],
			"faces": {
				"north": {"uv": [5.008, 3.508, 5.992, 3.992], "texture": "#0"},
				"east": {"uv": [7.008, 1.508, 7.492, 1.992], "texture": "#0"},
				"south": {"uv": [4.008, 5.008, 4.992, 5.492], "texture": "#0"},
				"west": {"uv": [7.008, 2.008, 7.492, 2.492], "texture": "#0"},
				"up": {"uv": [5.992, 4.992, 5.008, 4.508], "texture": "#0"},
				"down": {"uv": [5.992, 5.008, 5.008, 5.492], "texture": "#0"}
			}
		},
		{
			"from": [3, 7, 12],
			"to": [5, 8, 13],
			"faces": {
				"north": {"uv": [6.008, 2.008, 6.992, 2.492], "texture": "#0"},
				"east": {"uv": [7.008, 3.508, 7.492, 3.992], "texture": "#0"},
				"south": {"uv": [6.008, 2.508, 6.992, 2.992], "texture": "#0"},
				"west": {"uv": [4.008, 7.008, 4.492, 7.492], "texture": "#0"},
				"up": {"uv": [3.992, 6.492, 3.008, 6.008], "texture": "#0"},
				"down": {"uv": [6.992, 3.008, 6.008, 3.492], "texture": "#0"}
			}
		},
		{
			"from": [3, 7, 11],
			"to": [4, 8, 12],
			"faces": {
				"north": {"uv": [4.508, 7.008, 4.992, 7.492], "texture": "#0"},
				"east": {"uv": [7.008, 4.508, 7.492, 4.992], "texture": "#0"},
				"south": {"uv": [5.008, 7.008, 5.492, 7.492], "texture": "#0"},
				"west": {"uv": [7.008, 5.008, 7.492, 5.492], "texture": "#0"},
				"up": {"uv": [5.992, 7.492, 5.508, 7.008], "texture": "#0"},
				"down": {"uv": [7.492, 5.508, 7.008, 5.992], "texture": "#0"}
			}
		},
		{
			"from": [3, 7, 7],
			"to": [4, 8, 9],
			"faces": {
				"north": {"uv": [7.508, 4.508, 7.992, 4.992], "texture": "#0"},
				"east": {"uv": [6.008, 3.508, 6.992, 3.992], "texture": "#0"},
				"south": {"uv": [5.008, 7.508, 5.492, 7.992], "texture": "#0"},
				"west": {"uv": [4.008, 6.008, 4.992, 6.492], "texture": "#0"},
				"up": {"uv": [6.492, 5.492, 6.008, 4.508], "texture": "#0"},
				"down": {"uv": [5.492, 6.008, 5.008, 6.992], "texture": "#0"}
			}
		},
		{
			"from": [12, 7, 7],
			"to": [13, 8, 9],
			"faces": {
				"north": {"uv": [7.508, 5.008, 7.992, 5.492], "texture": "#0"},
				"east": {"uv": [5.508, 6.008, 6.492, 6.492], "texture": "#0"},
				"south": {"uv": [5.508, 7.508, 5.992, 7.992], "texture": "#0"},
				"west": {"uv": [6.008, 5.508, 6.992, 5.992], "texture": "#0"},
				"up": {"uv": [2.492, 7.492, 2.008, 6.508], "texture": "#0"},
				"down": {"uv": [2.992, 6.508, 2.508, 7.492], "texture": "#0"}
			}
		},
		{
			"from": [3, 7, 4],
			"to": [4, 8, 5],
			"faces": {
				"north": {"uv": [6.008, 7.008, 6.492, 7.492], "texture": "#0"},
				"east": {"uv": [7.008, 6.008, 7.492, 6.492], "texture": "#0"},
				"south": {"uv": [6.508, 7.008, 6.992, 7.492], "texture": "#0"},
				"west": {"uv": [7.008, 6.508, 7.492, 6.992], "texture": "#0"},
				"up": {"uv": [7.492, 7.492, 7.008, 7.008], "texture": "#0"},
				"down": {"uv": [7.992, 0.508, 7.508, 0.992], "texture": "#0"}
			}
		},
		{
			"from": [12, 7, 4],
			"to": [13, 8, 5],
			"faces": {
				"north": {"uv": [3.008, 7.508, 3.492, 7.992], "texture": "#0"},
				"east": {"uv": [7.508, 3.008, 7.992, 3.492], "texture": "#0"},
				"south": {"uv": [3.508, 7.508, 3.992, 7.992], "texture": "#0"},
				"west": {"uv": [7.508, 3.508, 7.992, 3.992], "texture": "#0"},
				"up": {"uv": [4.492, 7.992, 4.008, 7.508], "texture": "#0"},
				"down": {"uv": [4.992, 7.508, 4.508, 7.992], "texture": "#0"}
			}
		},
		{
			"from": [12, 7, 11],
			"to": [13, 8, 12],
			"faces": {
				"north": {"uv": [7.508, 1.008, 7.992, 1.492], "texture": "#0"},
				"east": {"uv": [7.508, 1.508, 7.992, 1.992], "texture": "#0"},
				"south": {"uv": [2.008, 7.508, 2.492, 7.992], "texture": "#0"},
				"west": {"uv": [7.508, 2.008, 7.992, 2.492], "texture": "#0"},
				"up": {"uv": [2.992, 7.992, 2.508, 7.508], "texture": "#0"},
				"down": {"uv": [7.992, 2.508, 7.508, 2.992], "texture": "#0"}
			}
		},
		{
			"from": [7, 7, 12],
			"to": [9, 8, 13],
			"faces": {
				"north": {"uv": [6.008, 0.508, 6.992, 0.992], "texture": "#0"},
				"east": {"uv": [7.008, 3.008, 7.492, 3.492], "texture": "#0"},
				"south": {"uv": [6.008, 1.008, 6.992, 1.492], "texture": "#0"},
				"west": {"uv": [3.508, 7.008, 3.992, 7.492], "texture": "#0"},
				"up": {"uv": [6.992, 1.992, 6.008, 1.508], "texture": "#0"},
				"down": {"uv": [2.992, 6.008, 2.008, 6.492], "texture": "#0"}
			}
		},
		{
			"from": [11, 7, 12],
			"to": [13, 8, 13],
			"faces": {
				"north": {"uv": [2.008, 5.508, 2.992, 5.992], "texture": "#0"},
				"east": {"uv": [7.008, 2.508, 7.492, 2.992], "texture": "#0"},
				"south": {"uv": [3.008, 5.508, 3.992, 5.992], "texture": "#0"},
				"west": {"uv": [3.008, 7.008, 3.492, 7.492], "texture": "#0"},
				"up": {"uv": [4.992, 5.992, 4.008, 5.508], "texture": "#0"},
				"down": {"uv": [5.992, 5.508, 5.008, 5.992], "texture": "#0"}
			}
		},
		{
			"from": [3, 6, 4],
			"to": [4, 7, 12],
			"faces": {
				"north": {"uv": [6.508, 4.508, 6.992, 4.992], "texture": "#0"},
				"east": {"uv": [0.008, 4.008, 3.992, 4.492], "texture": "#0"},
				"south": {"uv": [6.508, 5.008, 6.992, 5.492], "texture": "#0"},
				"west": {"uv": [4.008, 4.008, 7.992, 4.492], "texture": "#0"},
				"up": {"uv": [0.492, 8.492, 0.008, 4.508], "texture": "#0"},
				"down": {"uv": [0.992, 4.508, 0.508, 8.492], "texture": "#0"}
			}
		},
		{
			"from": [12, 6, 4],
			"to": [13, 7, 12],
			"faces": {
				"north": {"uv": [5.508, 6.508, 5.992, 6.992], "texture": "#0"},
				"east": {"uv": [1.008, 4.508, 4.992, 4.992], "texture": "#0"},
				"south": {"uv": [6.008, 6.508, 6.492, 6.992], "texture": "#0"},
				"west": {"uv": [5.008, 0.008, 8.992, 0.492], "texture": "#0"},
				"up": {"uv": [1.492, 8.992, 1.008, 5.008], "texture": "#0"},
				"down": {"uv": [1.992, 5.008, 1.508, 8.992], "texture": "#0"}
			}
		},
		{
			"from": [3, 6, 12],
			"to": [13, 7, 13],
			"faces": {
				"north": {"uv": [0.008, 2.008, 4.992, 2.492], "texture": "#0"},
				"east": {"uv": [4.008, 6.508, 4.492, 6.992], "texture": "#0"},
				"south": {"uv": [0.008, 2.508, 4.992, 2.992], "texture": "#0"},
				"west": {"uv": [4.508, 6.508, 4.992, 6.992], "texture": "#0"},
				"up": {"uv": [4.992, 3.492, 0.008, 3.008], "texture": "#0"},
				"down": {"uv": [4.992, 3.508, 0.008, 3.992], "texture": "#0"}
			}
		}
	],
	"gui_light": "front",
	"display": {
		"thirdperson_righthand": {
			"rotation": [90, 2, -98],
			"translation": [0.5, -2, -2],
			"scale": [0.7, 0.7, 0.7]
		},
		"thirdperson_lefthand": {
			"rotation": [90, 2, -98],
			"translation": [0.5, -2, -2],
			"scale": [0.7, 0.7, 0.7]
		},
		"firstperson_righthand": {
			"rotation": [1, 39, 9],
			"translation": [1.25, 4.5, 1.5]
		},
		"firstperson_lefthand": {
			"rotation": [1, 39, 9],
			"translation": [1.25, 4.5, 1.5]
		},
		"gui": {
			"rotation": [0, 180, 0],
			"scale": [1.4, 1.4, 1.4]
		},
		"head": {
			"translation": [0, 5.75, 0],
			"scale": [1.6, 1.6, 1.6]
		},
		"fixed": {
			"rotation": [-90, 0, 0],
			"translation": [0, 0, -4],
			"scale": [2, 2, 2]
		}
	}
}