{
	"credit": "Made with Blockbench",
	"texture_size": [64, 64],
	"textures": {
		"0": "item/hat_librarian",
		"particle": "item/hat_librarian"
	},
	"elements": [
		{
			"from": [0, 4, 0],
			"to": [8, 5, 8],
			"rotation": {"angle": 0, "axis": "y", "origin": [0, 4, 0]},
			"faces": {
				"north": {"uv": [10, 2, 12, 2.25], "texture": "#0"},
				"east": {"uv": [8, 2, 10, 2.25], "texture": "#0"},
				"south": {"uv": [14, 2, 16, 2.25], "texture": "#0"},
				"west": {"uv": [12, 2, 14, 2.25], "texture": "#0"},
				"up": {"uv": [10, 0, 12, 2], "texture": "#0"},
				"down": {"uv": [10, 0, 12, 2], "texture": "#0"}
			}
		},
		{
			"from": [4, 0.1, -0.1],
			"to": [6, 4.1, -0.1],
			"rotation": {"angle": 0, "axis": "y", "origin": [0, 3.1, -0.1]},
			"faces": {
				"north": {"uv": [10.5, 2.25, 11, 3.25], "texture": "#0"},
				"east": {"uv": [12, 5.25, 12, 6], "texture": "#0"},
				"south": {"uv": [11, 2.25, 10.5, 3.25], "texture": "#0"},
				"west": {"uv": [16, 5.25, 16, 6], "texture": "#0"},
				"up": {"uv": [14, 3.25, 14.5, 3.25], "texture": "#0"},
				"down": {"uv": [14, 3.25, 14.5, 3.25], "texture": "#0"}
			}
		},
		{
			"from": [4, 1.1, 8.1],
			"to": [6, 4.1, 8.1],
			"rotation": {"angle": 0, "axis": "y", "origin": [0, 3.1, 8.1]},
			"faces": {
				"north": {"uv": [15, 2.25, 15.5, 3], "texture": "#0"},
				"east": {"uv": [12, 5.25, 12, 6], "texture": "#0"},
				"south": {"uv": [15.5, 2.25, 15, 3], "texture": "#0"},
				"west": {"uv": [16, 5.25, 16, 6], "texture": "#0"},
				"up": {"uv": [14, 3.25, 14.5, 3.25], "texture": "#0"},
				"down": {"uv": [14, 3.25, 14.5, 3.25], "texture": "#0"}
			}
		},
		{
			"from": [0.4, 2.7, 0.2],
			"to": [7, 4.3, 7.8],
			"rotation": {"angle": 0, "axis": "y", "origin": [0.2, 2.5, 0]},
			"faces": {
				"north": {"uv": [11, 2.25, 12.75, 2.5], "texture": "#0"},
				"east": {"uv": [12.75, 2.25, 14.75, 2.5], "texture": "#0"},
				"south": {"uv": [12.25, 2.25, 14, 2.5], "texture": "#0"},
				"west": {"uv": [11.25, 2.25, 13.25, 2.5], "texture": "#0"},
				"up": {"uv": [10, 0, 12, 2], "texture": "#0"},
				"down": {"uv": [10, 0, 12, 2], "texture": "#0"}
			}
		},
		{
			"from": [0, 2, 0],
			"to": [8, 3, 8],
			"rotation": {"angle": 0, "axis": "y", "origin": [0, 2, 0]},
			"faces": {
				"north": {"uv": [10, 2.5, 12, 2.75], "texture": "#0"},
				"east": {"uv": [8, 2.5, 10, 2.75], "texture": "#0"},
				"south": {"uv": [14, 2.5, 16, 2.75], "texture": "#0"},
				"west": {"uv": [12, 2.5, 14, 2.75], "texture": "#0"},
				"up": {"uv": [10, 0, 12, 2], "texture": "#0"},
				"down": {"uv": [10, 0, 12, 2], "texture": "#0"}
			}
		},
		{
			"from": [7, 3, 0],
			"to": [8, 4, 8],
			"rotation": {"angle": 0, "axis": "y", "origin": [0, 3, 0]},
			"faces": {
				"north": {"uv": [10, 2.25, 10.25, 2.5], "texture": "#0"},
				"east": {"uv": [8, 2.25, 10, 2.5], "texture": "#0"},
				"south": {"uv": [15.75, 2.25, 16, 2.5], "texture": "#0"},
				"west": {"uv": [8, 2.25, 10, 2.5], "texture": "#0"},
				"up": {"uv": [10, 0, 10.25, 2], "texture": "#0"},
				"down": {"uv": [10, 0, 10.25, 2], "texture": "#0"}
			}
		}
	],
	"gui_light": "front",
	"display": {
		"thirdperson_righthand": {
			"rotation": [0, 0, 90],
			"translation": [-4.5, 2.25, 3],
			"scale": [0.9, 0.9, 0.9]
		},
		"thirdperson_lefthand": {
			"rotation": [0, 0, -90],
			"translation": [3.5, 2.25, 3],
			"scale": [0.9, 0.9, 0.9]
		},
		"firstperson_righthand": {
			"rotation": [-171, 68.5, -180],
			"translation": [3.5, 8.75, -2.25],
			"scale": [0.7, 1, 1]
		},
		"firstperson_lefthand": {
			"rotation": [-171, 77, -180],
			"translation": [4.5, 7.75, 4],
			"scale": [0.7, 1, 1]
		},
		"ground": {
			"translation": [3.75, 3.25, 4.25]
		},
		"gui": {
			"rotation": [0, 180, 0],
			"translation": [-7.25, 8.25, 0],
			"scale": [1.8, 1.8, 1.8]
		},
		"head": {
			"translation": [7.25, 16, 7],
			"scale": [1.8, 1.8, 1.8]
		},
		"fixed": {
			"rotation": [-90, 0, 0],
			"translation": [10, 10.5, -15],
			"scale": [2.5, 2.5, 2.5]
		}
	}
}