{
	"credit": "Made with Blockbench",
	"texture_size": [32, 32],
	"textures": {
		"0": "item/lightsaber_red",
		"particle": "item/lightsaber_red"
	},
	"elements": [
		{
			"from": [7, 0, 7],
			"to": [9, 6, 9],
			"rotation": {"angle": 0, "axis": "y", "origin": [7, 0, 7]},
			"faces": {
				"north": {"uv": [4, 0, 5, 3], "texture": "#0"},
				"east": {"uv": [4, 3, 5, 6], "texture": "#0"},
				"south": {"uv": [5, 0, 6, 3], "texture": "#0"},
				"west": {"uv": [5, 3, 6, 6], "texture": "#0"},
				"up": {"uv": [7, 1, 6, 0], "texture": "#0"},
				"down": {"uv": [7, 1, 6, 2], "texture": "#0"}
			}
		},
		{
			"from": [7.5, 6, 7.5],
			"to": [8.5, 30, 8.5],
			"rotation": {"angle": 0, "axis": "y", "origin": [7.5, 6, 7.5]},
			"faces": {
				"north": {"uv": [2, 0, 2.5, 12], "texture": "#0"},
				"east": {"uv": [2.5, 0, 3, 12], "texture": "#0"},
				"south": {"uv": [3, 0, 3.5, 12], "texture": "#0"},
				"west": {"uv": [3.5, 0, 4, 12], "texture": "#0"},
				"up": {"uv": [6.5, 2.5, 6, 2], "texture": "#0"},
				"down": {"uv": [6.5, 2.5, 6, 3], "texture": "#0"}
			}
		},
		{
			"from": [6.75, 30.75, 6.75],
			"to": [9.25, 6.25, 9.25],
			"rotation": {"angle": 0, "axis": "y", "origin": [8.5, 49.5, 8.5]},
			"faces": {
				"north": {"uv": [0, 0, 0.5, 14], "texture": "#0"},
				"east": {"uv": [0.5, 0, 1, 14], "texture": "#0"},
				"south": {"uv": [1, 0, 1.5, 14], "texture": "#0"},
				"west": {"uv": [1.5, 0, 2, 14], "texture": "#0"},
				"up": {"uv": [6.5, 3.5, 6, 3], "texture": "#0"},
				"down": {"uv": [6.5, 3.5, 6, 4], "texture": "#0"}
			}
		}
	],
	"display": {
		"thirdperson_righthand": {
			"translation": [0, 3, 1.25],
			"scale": [1.01, 1.01, 1.01]
		},
		"thirdperson_lefthand": {
			"translation": [0, 3, 1.25],
			"scale": [1.01, 1.01, 1.01]
		},
		"firstperson_righthand": {
			"rotation": [-8, 13, -4],
			"translation": [3, 3, 0],
			"scale": [0.8, 0.8, 0.8]
		},
		"firstperson_lefthand": {
			"rotation": [-8, 13, -4],
			"translation": [3, 3, 0],
			"scale": [0.8, 0.8, 0.8]
		},
		"ground": {
			"rotation": [90, 45, 0],
			"translation": [0, -2.25, -2.5],
			"scale": [0.4, 0.4, 0.4]
		},
		"gui": {
			"rotation": [0, 180, -45],
			"translation": [3, -3.25, 0],
			"scale": [0.6, 0.6, 0.6]
		},
		"head": {
			"rotation": [-62, 0, 0]
		},
		"fixed": {
			"translation": [0, -4.5, -0.75],
			"scale": [0.6, 0.6, 0.6]
		}
	}
}