{
	"credit": "Made with Blockbench",
	"texture_size": [32, 32],
	"textures": {
		"0": "item/mask_spider",
		"particle": "item/mask_spider"
	},
	"elements": [
		{
			"from": [4, 0, 4],
			"to": [12, 8, 5],
			"rotation": {"angle": 0, "axis": "y", "origin": [4, 0, 4]},
			"faces": {
				"north": {"uv": [0.016, 0.016, 3.984, 3.984], "texture": "#0"},
				"east": {"uv": [7.516, 8.016, 7.984, 11.984], "texture": "#0"},
				"south": {"uv": [0.016, 4.016, 3.984, 7.984], "texture": "#0"},
				"west": {"uv": [8.016, 7.516, 8.484, 11.484], "texture": "#0"},
				"up": {"uv": [12.484, 7.984, 8.516, 7.516], "texture": "#0"},
				"down": {"uv": [12.484, 8.016, 8.516, 8.484], "texture": "#0"}
			}
		},
		{
			"from": [0, 3, 5],
			"to": [4, 5, 6],
			"rotation": {"angle": 0, "axis": "y", "origin": [4, 3, 5]},
			"faces": {
				"north": {"uv": [11.516, 2.016, 13.484, 2.984], "texture": "#0"},
				"east": {"uv": [1.516, 12.516, 1.984, 13.484], "texture": "#0"},
				"south": {"uv": [11.516, 3.016, 13.484, 3.984], "texture": "#0"},
				"west": {"uv": [3.516, 12.516, 3.984, 13.484], "texture": "#0"},
				"up": {"uv": [13.984, 6.984, 12.016, 6.516], "texture": "#0"},
				"down": {"uv": [13.984, 7.016, 12.016, 7.484], "texture": "#0"}
			}
		},
		{
			"from": [0, 5, 5],
			"to": [4, 7, 6],
			"rotation": {"angle": -22.5, "axis": "z", "origin": [4, 5, 5]},
			"faces": {
				"north": {"uv": [11.516, 2.016, 13.484, 2.984], "texture": "#0"},
				"east": {"uv": [1.516, 12.516, 1.984, 13.484], "texture": "#0"},
				"south": {"uv": [11.516, 3.016, 13.484, 3.984], "texture": "#0"},
				"west": {"uv": [3.516, 12.516, 3.984, 13.484], "texture": "#0"},
				"up": {"uv": [13.984, 6.984, 12.016, 6.516], "texture": "#0"},
				"down": {"uv": [13.984, 7.016, 12.016, 7.484], "texture": "#0"}
			}
		},
		{
			"from": [0, 1, 5],
			"to": [4, 3, 6],
			"rotation": {"angle": 22.5, "axis": "z", "origin": [4, 3, 5]},
			"faces": {
				"north": {"uv": [11.516, 2.984, 13.484, 2.016], "texture": "#0"},
				"east": {"uv": [1.516, 13.484, 1.984, 12.516], "texture": "#0"},
				"south": {"uv": [11.516, 3.984, 13.484, 3.016], "texture": "#0"},
				"west": {"uv": [3.516, 13.484, 3.984, 12.516], "texture": "#0"},
				"up": {"uv": [13.984, 7.484, 12.016, 7.016], "texture": "#0"},
				"down": {"uv": [13.984, 6.516, 12.016, 6.984], "texture": "#0"}
			}
		},
		{
			"from": [12, 1, 5],
			"to": [16, 3, 6],
			"rotation": {"angle": -22.5, "axis": "z", "origin": [12, 3, 5]},
			"faces": {
				"north": {"uv": [13.484, 2.984, 11.516, 2.016], "texture": "#0"},
				"east": {"uv": [3.984, 13.484, 3.516, 12.516], "texture": "#0"},
				"south": {"uv": [13.484, 3.984, 11.516, 3.016], "texture": "#0"},
				"west": {"uv": [1.984, 13.484, 1.516, 12.516], "texture": "#0"},
				"up": {"uv": [12.016, 7.484, 13.984, 7.016], "texture": "#0"},
				"down": {"uv": [12.016, 6.516, 13.984, 6.984], "texture": "#0"}
			}
		},
		{
			"from": [12, 3, 5],
			"to": [16, 5, 6],
			"rotation": {"angle": 0, "axis": "y", "origin": [12, 3, 5]},
			"faces": {
				"north": {"uv": [13.484, 2.016, 11.516, 2.984], "texture": "#0"},
				"east": {"uv": [3.984, 12.516, 3.516, 13.484], "texture": "#0"},
				"south": {"uv": [13.484, 3.016, 11.516, 3.984], "texture": "#0"},
				"west": {"uv": [1.984, 12.516, 1.516, 13.484], "texture": "#0"},
				"up": {"uv": [12.016, 6.984, 13.984, 6.516], "texture": "#0"},
				"down": {"uv": [12.016, 7.016, 13.984, 7.484], "texture": "#0"}
			}
		},
		{
			"from": [12, 5, 5],
			"to": [16, 7, 6],
			"rotation": {"angle": 22.5, "axis": "z", "origin": [12, 5, 5]},
			"faces": {
				"north": {"uv": [13.484, 2.016, 11.516, 2.984], "texture": "#0"},
				"east": {"uv": [3.984, 12.516, 3.516, 13.484], "texture": "#0"},
				"south": {"uv": [13.484, 3.016, 11.516, 3.984], "texture": "#0"},
				"west": {"uv": [1.984, 12.516, 1.516, 13.484], "texture": "#0"},
				"up": {"uv": [12.016, 6.984, 13.984, 6.516], "texture": "#0"},
				"down": {"uv": [12.016, 7.016, 13.984, 7.484], "texture": "#0"}
			}
		},
		{
			"from": [4, 0, 5],
			"to": [12, 8, 12],
			"rotation": {"angle": 0, "axis": "y", "origin": [4, 0, 4]},
			"faces": {
				"north": {"uv": [4.016, 0.016, 7.984, 3.984], "texture": "#0"},
				"east": {"uv": [0.016, 8.016, 3.484, 11.984], "texture": "#0"},
				"south": {"uv": [4.016, 4.016, 7.984, 7.984], "texture": "#0"},
				"west": {"uv": [8.016, 0.016, 11.484, 3.984], "texture": "#0"},
				"up": {"uv": [7.484, 11.484, 3.516, 8.016], "texture": "#0"},
				"down": {"uv": [11.984, 4.016, 8.016, 7.484], "texture": "#0"}
			}
		}
	],
	"gui_light": "front",
	"display": {
		"thirdperson_righthand": {
			"rotation": [116, -62, 0],
			"translation": [-2.5, -3.5, 1.25],
			"scale": [0.8, 0.8, 0.8]
		},
		"thirdperson_lefthand": {
			"rotation": [116, -62, 0],
			"translation": [-2.5, -3.5, 1.25],
			"scale": [0.8, 0.8, 0.8]
		},
		"firstperson_righthand": {
			"rotation": [3, 126, -8],
			"translation": [1.25, 7, 0],
			"scale": [0.8, 0.8, 0.8]
		},
		"firstperson_lefthand": {
			"rotation": [3, 126, -8],
			"translation": [1.25, 7, 0],
			"scale": [0.8, 0.8, 0.8]
		},
		"ground": {
			"rotation": [64, 36, 0],
			"translation": [0.75, 2.5, 3.25],
			"scale": [0.8, 0.8, 0.8]
		},
		"gui": {
			"rotation": [0, 180, 0],
			"translation": [0, 3.5, 0]
		},
		"head": {
			"translation": [0, 7.5, 0],
			"scale": [1.81, 1.81, 1.81]
		},
		"fixed": {
			"translation": [0, 8.75, 4.75],
			"scale": [2, 2, 2]
		}
	}
}