{
	"credit": "Made with Blockbench",
	"texture_size": [32, 32],
	"textures": {
		"0": "item/mask_warden",
		"particle": "item/mask_warden"
	},
	"elements": [
		{
			"from": [12, 4, 4],
			"to": [22, 14, 5],
			"rotation": {"angle": -22.5, "axis": "y", "origin": [12, 8, 4]},
			"faces": {
				"north": {"uv": [13, 7, 8, 12], "texture": "#0"},
				"east": {"uv": [12.5, 7.008, 13, 12.008], "texture": "#0"},
				"south": {"uv": [8, 6.992, 13, 11.992], "texture": "#0"},
				"west": {"uv": [8, 7.008, 8.5, 12.008], "texture": "#0"},
				"up": {"uv": [8, 7.5, 13, 7], "texture": "#0"},
				"down": {"uv": [8, 11.508, 13, 12.008], "texture": "#0"}
			}
		},
		{
			"from": [-6, 4, 4],
			"to": [4, 14, 5],
			"rotation": {"angle": 22.5, "axis": "y", "origin": [4, 8, 4]},
			"faces": {
				"north": {"uv": [8, 7, 13, 12], "texture": "#0"},
				"east": {"uv": [8.5, 7.008, 8, 12.008], "texture": "#0"},
				"south": {"uv": [13, 6.992, 8, 11.992], "texture": "#0"},
				"west": {"uv": [13, 7.008, 12.5, 12.008], "texture": "#0"},
				"up": {"uv": [13, 7.5, 8, 7], "texture": "#0"},
				"down": {"uv": [13, 11.508, 8, 12.008], "texture": "#0"}
			}
		},
		{
			"from": [4, 0, 4],
			"to": [12, 8, 5],
			"rotation": {"angle": 0, "axis": "y", "origin": [4, 4, 4]},
			"faces": {
				"north": {"uv": [0, 0, 4, 4], "texture": "#0"},
				"east": {"uv": [0, 0, 0.5, 4], "texture": "#0"},
				"south": {"uv": [0, 0, 4, 4], "texture": "#0"},
				"west": {"uv": [3.5, 0, 4, 4], "texture": "#0"},
				"up": {"uv": [0, 0, 4, 0.5], "texture": "#0"},
				"down": {"uv": [0, 3.5, 4, 4], "texture": "#0"}
			}
		},
		{
			"from": [4, 0, 5],
			"to": [12, 8, 12],
			"rotation": {"angle": 0, "axis": "y", "origin": [4, 0, 4]},
			"faces": {
				"north": {"uv": [0, 12.032, 3.968, 16], "texture": "#0"},
				"east": {"uv": [0.016, 8.016, 3.484, 11.984], "texture": "#0"},
				"south": {"uv": [4.016, 4.016, 7.984, 7.984], "texture": "#0"},
				"west": {"uv": [8.016, 0.016, 11.484, 3.984], "texture": "#0"},
				"up": {"uv": [3.984, 15.484, 0.016, 12.016], "texture": "#0"},
				"down": {"uv": [4, 12.016, 0, 15.516], "texture": "#0"}
			}
		}
	],
	"gui_light": "front",
	"display": {
		"thirdperson_righthand": {
			"rotation": [116, -62, 0],
			"translation": [-2.5, -3.5, 1.25],
			"scale": [0.8, 0.8, 0.8]
		},
		"thirdperson_lefthand": {
			"rotation": [116, -62, 0],
			"translation": [-2.5, -3.5, 1.25],
			"scale": [0.8, 0.8, 0.8]
		},
		"firstperson_righthand": {
			"rotation": [3, 126, -8],
			"translation": [1.25, 7, 0],
			"scale": [0.8, 0.8, 0.8]
		},
		"firstperson_lefthand": {
			"rotation": [3, 126, -8],
			"translation": [1.25, 7, 0],
			"scale": [0.8, 0.8, 0.8]
		},
		"ground": {
			"rotation": [64, 36, 0],
			"translation": [0.75, 2.5, 3.25],
			"scale": [0.8, 0.8, 0.8]
		},
		"gui": {
			"rotation": [0, 180, 0],
			"translation": [0, 1, 0],
			"scale": [0.7, 0.7, 0.7]
		},
		"head": {
			"translation": [0, 7.25, 0],
			"scale": [1.81, 1.81, 1.81]
		},
		"fixed": {
			"translation": [0, 2.5, -0.25],
			"scale": [2, 2, 2]
		}
	}
}