{
	"credit": "Made with Blockbench",
	"texture_size": [32, 32],
	"textures": {
		"0": "item/mask_axolotl",
		"particle": "item/mask_axolotl"
	},
	"elements": [
		{
			"from": [4, 1.5, 4],
			"to": [12, 6.5, 5],
			"rotation": {"angle": 0, "axis": "y", "origin": [4, 5.5, 4]},
			"faces": {
				"north": {"uv": [0, 0, 4, 2.5], "texture": "#0"},
				"east": {"uv": [0, 0, 0.5, 2.5], "texture": "#0"},
				"south": {"uv": [0, 0, 4, 2.5], "texture": "#0"},
				"west": {"uv": [3.5, 0, 4, 2.5], "texture": "#0"},
				"up": {"uv": [0, 0, 4, 0.5], "texture": "#0"},
				"down": {"uv": [0, 2, 4, 2.5], "texture": "#0"}
			}
		},
		{
			"from": [12, 1.5, 5],
			"to": [15, 8.5, 5],
			"rotation": {"angle": 0, "axis": "y", "origin": [12, 5.5, 5]},
			"faces": {
				"north": {"uv": [13.5, 0.5, 15, 4], "texture": "#0"},
				"east": {"uv": [13.5, 0.5, 13.5, 4], "texture": "#0"},
				"south": {"uv": [13.5, 0.5, 15, 4], "texture": "#0"},
				"west": {"uv": [15, 0.5, 15, 4], "texture": "#0"},
				"up": {"uv": [13.5, 0.5, 15, 0.5], "texture": "#0"},
				"down": {"uv": [13.5, 4, 15, 4], "texture": "#0"}
			}
		},
		{
			"from": [1, 1.5, 5],
			"to": [4, 8.5, 5],
			"rotation": {"angle": 0, "axis": "y", "origin": [4, 5.5, 5]},
			"faces": {
				"north": {"uv": [15, 0.5, 13.5, 4], "texture": "#0"},
				"east": {"uv": [15, 0.5, 15, 4], "texture": "#0"},
				"south": {"uv": [15, 0.5, 13.5, 4], "texture": "#0"},
				"west": {"uv": [13.5, 0.5, 13.5, 4], "texture": "#0"},
				"up": {"uv": [15, 0.5, 13.5, 0.5], "texture": "#0"},
				"down": {"uv": [15, 4, 13.5, 4], "texture": "#0"}
			}
		},
		{
			"from": [4, 6.5, 5],
			"to": [12, 9.5, 5],
			"rotation": {"angle": 0, "axis": "y", "origin": [7, 5.5, 5]},
			"faces": {
				"north": {"uv": [13.5, 5, 9.5, 6.5], "texture": "#0"},
				"east": {"uv": [9.5, 5, 9.5, 6.5], "texture": "#0"},
				"south": {"uv": [13.5, 5, 9.5, 6.5], "texture": "#0"},
				"west": {"uv": [13.5, 5, 13.5, 6.5], "texture": "#0"},
				"up": {"uv": [13.5, 5, 9.5, 5], "texture": "#0"},
				"down": {"uv": [13.5, 6.5, 9.5, 6.5], "texture": "#0"}
			}
		},
		{
			"from": [4, 0, 5],
			"to": [12, 8, 12],
			"rotation": {"angle": 0, "axis": "y", "origin": [4, 0, 4]},
			"faces": {
				"north": {"uv": [0, 12.032, 3.968, 16], "texture": "#0"},
				"east": {"uv": [0.016, 8.016, 3.484, 11.984], "texture": "#0"},
				"south": {"uv": [4.016, 4.016, 7.984, 7.984], "texture": "#0"},
				"west": {"uv": [8.016, 0.016, 11.484, 3.984], "texture": "#0"},
				"up": {"uv": [3.984, 15.484, 0.016, 12.016], "texture": "#0"},
				"down": {"uv": [4, 12.016, 0, 15.516], "texture": "#0"}
			}
		}
	],
	"gui_light": "front",
	"display": {
		"thirdperson_righthand": {
			"rotation": [116, -62, 0],
			"translation": [-2.5, -3.5, 1.25],
			"scale": [0.8, 0.8, 0.8]
		},
		"thirdperson_lefthand": {
			"rotation": [116, -62, 0],
			"translation": [-2.5, -3.5, 1.25],
			"scale": [0.8, 0.8, 0.8]
		},
		"firstperson_righthand": {
			"rotation": [3, 126, -8],
			"translation": [1.25, 7, 0],
			"scale": [0.8, 0.8, 0.8]
		},
		"firstperson_lefthand": {
			"rotation": [3, 126, -8],
			"translation": [1.25, 7, 0],
			"scale": [0.8, 0.8, 0.8]
		},
		"ground": {
			"rotation": [64, 36, 0],
			"translation": [0.75, 2.5, 3.25],
			"scale": [0.8, 0.8, 0.8]
		},
		"gui": {
			"rotation": [0, 180, 0],
			"translation": [0, 2.75, 0],
			"scale": [1.1, 1.1, 1.1]
		},
		"head": {
			"translation": [0, 6.75, 0],
			"scale": [1.81, 1.81, 1.81]
		},
		"fixed": {
			"translation": [0, 6.25, 5.75],
			"scale": [2, 2, 2]
		}
	}
}