{
	"credit": "Made with Blockbench",
	"texture_size": [32, 32],
	"textures": {
		"0": "item/mask_herobrine",
		"particle": "item/mask_herobrine"
	},
	"elements": [
		{
			"from": [4, 0, 4],
			"to": [12, 8, 5],
			"rotation": {"angle": 0, "axis": "y", "origin": [4, 0, 4]},
			"faces": {
				"north": {"uv": [0.016, 0.016, 3.984, 3.984], "texture": "#0"},
				"east": {"uv": [3.516, 0.016, 3.984, 3.984], "texture": "#0"},
				"south": {"uv": [3.984, 0, 0.016, 3.968], "texture": "#0"},
				"west": {"uv": [0.016, 0.016, 0.484, 3.984], "texture": "#0"},
				"up": {"uv": [3.968, 0.468, 0, 0], "texture": "#0"},
				"down": {"uv": [3.984, 3.516, 0.016, 3.984], "texture": "#0"}
			}
		},
		{
			"from": [4, 0, 5],
			"to": [12, 8, 12],
			"rotation": {"angle": 0, "axis": "y", "origin": [4, 0, 4]},
			"faces": {
				"north": {"uv": [4.016, 0.016, 7.984, 3.984], "texture": "#0"},
				"east": {"uv": [0.016, 8.016, 3.484, 11.984], "texture": "#0"},
				"south": {"uv": [4.016, 4.016, 7.984, 7.984], "texture": "#0"},
				"west": {"uv": [8.016, 0.016, 11.484, 3.984], "texture": "#0"},
				"up": {"uv": [7.484, 11.484, 3.516, 8.016], "texture": "#0"},
				"down": {"uv": [11.984, 4.016, 8.016, 7.484], "texture": "#0"}
			}
		}
	],
	"gui_light": "front",
	"display": {
		"thirdperson_righthand": {
			"rotation": [116, -62, 0],
			"translation": [-2.5, -3.5, 1.25],
			"scale": [0.8, 0.8, 0.8]
		},
		"thirdperson_lefthand": {
			"rotation": [116, -62, 0],
			"translation": [-2.5, -3.5, 1.25],
			"scale": [0.8, 0.8, 0.8]
		},
		"firstperson_righthand": {
			"rotation": [3, 126, -8],
			"translation": [1.25, 7, 0],
			"scale": [0.8, 0.8, 0.8]
		},
		"firstperson_lefthand": {
			"rotation": [3, 126, -8],
			"translation": [1.25, 7, 0],
			"scale": [0.8, 0.8, 0.8]
		},
		"ground": {
			"rotation": [64, 36, 0],
			"translation": [0.75, 2.5, 3.25],
			"scale": [0.8, 0.8, 0.8]
		},
		"gui": {
			"rotation": [0, 180, 0],
			"translation": [0, 5.5, 0],
			"scale": [1.3, 1.3, 1.3]
		},
		"head": {
			"translation": [0, 7.5, 0],
			"scale": [1.81, 1.81, 1.81]
		},
		"fixed": {
			"translation": [0, 8.75, 6],
			"scale": [2, 2, 2]
		}
	}
}