{
	"credit": "Made with Blockbench",
	"texture_size": [32, 32],
	"textures": {
		"0": "item/mask_creaking",
		"particle": "item/mask_creaking"
	},
	"elements": [
		{
			"from": [5, -0.5, 4],
			"to": [11, 12.5, 5],
			"rotation": {"angle": 0, "axis": "y", "origin": [5, 3.5, 4]},
			"faces": {
				"north": {"uv": [0, 0, 3, 6.5], "texture": "#0"},
				"east": {"uv": [0, 0, 0.5, 6.5], "texture": "#0"},
				"south": {"uv": [3, 0, 0, 6.5], "texture": "#0"},
				"west": {"uv": [2.5, 0, 3, 6.5], "texture": "#0"},
				"up": {"uv": [3, 0, 0, 0.5], "texture": "#0"},
				"down": {"uv": [0, 6, 3, 6.5], "texture": "#0"}
			}
		},
		{
			"from": [11, -0.5, 4.9],
			"to": [15, 12.5, 4.9],
			"rotation": {"angle": 0, "axis": "y", "origin": [11, 3.5, 4.9]},
			"faces": {
				"north": {"uv": [12.5, 8.5, 14.5, 15], "texture": "#0"},
				"east": {"uv": [13.5, 0.5, 13.5, 7], "texture": "#0"},
				"south": {"uv": [14.5, 8.5, 12.5, 15], "texture": "#0"},
				"west": {"uv": [15, 0.5, 15, 7], "texture": "#0"},
				"up": {"uv": [13.5, 0.5, 15.5, 0.5], "texture": "#0"},
				"down": {"uv": [13.5, 4, 15.5, 4], "texture": "#0"}
			}
		},
		{
			"from": [1, -0.5, 4.9],
			"to": [5, 12.5, 4.9],
			"rotation": {"angle": 0, "axis": "y", "origin": [1, 3.5, 4.9]},
			"faces": {
				"north": {"uv": [9.5, 8.5, 11.5, 15], "texture": "#0"},
				"east": {"uv": [13.5, 0.5, 13.5, 7], "texture": "#0"},
				"south": {"uv": [11.5, 8.5, 9.5, 15], "texture": "#0"},
				"west": {"uv": [15, 0.5, 15, 7], "texture": "#0"},
				"up": {"uv": [13.5, 0.5, 15.5, 0.5], "texture": "#0"},
				"down": {"uv": [13.5, 4, 15.5, 4], "texture": "#0"}
			}
		},
		{
			"from": [4, 0, 5],
			"to": [12, 8, 12],
			"rotation": {"angle": 0, "axis": "y", "origin": [4, 0, 4]},
			"faces": {
				"north": {"uv": [4, 8.032, 7.968, 12], "texture": "#0"},
				"east": {"uv": [0.016, 8.016, 3.484, 11.984], "texture": "#0"},
				"south": {"uv": [4.016, 4.016, 7.984, 7.984], "texture": "#0"},
				"west": {"uv": [8.016, 0.016, 11.484, 3.984], "texture": "#0"},
				"up": {"uv": [3.984, 15.484, 0.016, 12.016], "texture": "#0"},
				"down": {"uv": [4, 12.016, 0, 15.516], "texture": "#0"}
			}
		}
	],
	"gui_light": "front",
	"display": {
		"thirdperson_righthand": {
			"rotation": [116, -62, 0],
			"translation": [-2.5, -3.5, 1.25],
			"scale": [0.8, 0.8, 0.8]
		},
		"thirdperson_lefthand": {
			"rotation": [116, -62, 0],
			"translation": [-2.5, -3.5, 1.25],
			"scale": [0.8, 0.8, 0.8]
		},
		"firstperson_righthand": {
			"rotation": [3, 126, -8],
			"translation": [1.25, 7, 0],
			"scale": [0.8, 0.8, 0.8]
		},
		"firstperson_lefthand": {
			"rotation": [3, 126, -8],
			"translation": [1.25, 7, 0],
			"scale": [0.8, 0.8, 0.8]
		},
		"ground": {
			"rotation": [64, 36, 0],
			"translation": [0.75, 2.5, 3.25],
			"scale": [0.8, 0.8, 0.8]
		},
		"gui": {
			"rotation": [0, 180, 0],
			"translation": [0, 2.5, 0],
			"scale": [1.1, 1.1, 1.1]
		},
		"head": {
			"translation": [0, 6.75, -0.25],
			"scale": [1.81, 1.81, 1.81]
		},
		"fixed": {
			"translation": [0, 6.25, 5.75],
			"scale": [2, 2, 2]
		}
	}
}