{
	"credit": "Made with Blockbench",
	"texture_size": [32, 32],
	"textures": {
		"0": "item/scarf",
		"particle": "item/scarf"
	},
	"elements": [
		{
			"from": [4, 13, 4],
			"to": [12, 16, 12],
			"rotation": {"angle": 0, "axis": "y", "origin": [4, 13, 4]},
			"faces": {
				"north": {"uv": [4, 0, 8, 1.5], "texture": "#0"},
				"east": {"uv": [4, 1.5, 8, 3], "texture": "#0"},
				"south": {"uv": [4, 3, 8, 4.5], "texture": "#0"},
				"west": {"uv": [4, 4.5, 8, 6], "texture": "#0"},
				"up": {"uv": [4, 4, 0, 0], "texture": "#0"},
				"down": {"uv": [4, 4, 0, 8], "texture": "#0"}
			}
		},
		{
			"from": [4.7, 5, 4.8],
			"to": [6.7, 14, 6.8],
			"rotation": {"angle": 0, "axis": "z", "origin": [6.7, 11, 4.8]},
			"faces": {
				"north": {"uv": [5, 6, 4, 10.5], "texture": "#0"},
				"east": {"uv": [8, 6, 7, 10.5], "texture": "#0"},
				"south": {"uv": [7, 6, 6, 10.5], "texture": "#0"},
				"west": {"uv": [6, 6, 5, 10.5], "texture": "#0"},
				"up": {"uv": [8, 3, 9, 2], "texture": "#0"},
				"down": {"uv": [3, 8, 4, 9], "texture": "#0"}
			}
		},
		{
			"from": [6.7, 9, 4.8],
			"to": [8.7, 13, 6.8],
			"rotation": {"angle": 0, "axis": "z", "origin": [8.7, 10, 4.8]},
			"faces": {
				"north": {"uv": [1, 8, 0, 10], "texture": "#0"},
				"east": {"uv": [3, 8, 2, 10], "texture": "#0"},
				"south": {"uv": [2, 8, 1, 10], "texture": "#0"},
				"west": {"uv": [9, 0, 8, 2], "texture": "#0"},
				"up": {"uv": [8, 4, 9, 3], "texture": "#0"},
				"down": {"uv": [8, 4, 9, 5], "texture": "#0"}
			}
		}
	],
	"gui_light": "front",
	"display": {
		"thirdperson_righthand": {
			"rotation": [90, 0, 0],
			"translation": [0, -2, -1.25],
			"scale": [0.7, 0.7, 0.7]
		},
		"thirdperson_lefthand": {
			"rotation": [90, 0, 0],
			"translation": [0, -2, -1.25],
			"scale": [0.7, 0.7, 0.7]
		},
		"firstperson_righthand": {
			"rotation": [0, 50, 9],
			"translation": [0.75, -0.5, 1.75],
			"scale": [0.7, 0.7, 0.7]
		},
		"firstperson_lefthand": {
			"rotation": [0, 50, 9],
			"translation": [0.75, -0.5, 1.75],
			"scale": [0.7, 0.7, 0.7]
		},
		"ground": {
			"rotation": [90, 0, 0],
			"translation": [0, 0, -2.75],
			"scale": [0.7, 0.7, 0.7]
		},
		"gui": {
			"rotation": [0, 180, 0],
			"translation": [0, -3.5, 0],
			"scale": [1.3, 1.3, 1.3]
		},
		"head": {
			"translation": [0, -19.25, 0],
			"scale": [1.82, 1.82, 1.82]
		},
		"fixed": {
			"rotation": [-90, 0, 0],
			"translation": [0, 0, 12.75],
			"scale": [2.5, 2.5, 2.5]
		}
	}
}