{
	"credit": "Made with Blockbench",
	"texture_size": [32, 32],
	"textures": {
		"3": "item/spin_hat_animated"
	},
	"elements": [
		{
			"from": [4, 0, 3],
			"to": [12, 1, 12],
			"rotation": {"angle": 0, "axis": "y", "origin": [4, 0, 4]},
			"faces": {
				"north": {"uv": [7.016, 9.016, 10.984, 9.484], "texture": "#3"},
				"east": {"uv": [7.016, 8.016, 11.484, 8.484], "texture": "#3"},
				"south": {"uv": [3.516, 9.516, 7.484, 9.984], "texture": "#3"},
				"west": {"uv": [7.016, 8.516, 11.484, 8.984], "texture": "#3"},
				"up": {"uv": [3.984, 4.484, 0.016, 0.016], "texture": "#3"},
				"down": {"uv": [7.984, 0.016, 4.016, 4.484], "texture": "#3"}
			}
		},
		{
			"from": [4.5, 1, 4.5],
			"to": [11.5, 4, 11.5],
			"rotation": {"angle": 0, "axis": "y", "origin": [3.5, 1, 3.5]},
			"faces": {
				"north": {"uv": [8.016, 0.016, 11.484, 1.484], "texture": "#3"},
				"east": {"uv": [8.016, 1.516, 11.484, 2.984], "texture": "#3"},
				"south": {"uv": [8.016, 3.016, 11.484, 4.484], "texture": "#3"},
				"west": {"uv": [3.516, 8.016, 6.984, 9.484], "texture": "#3"},
				"up": {"uv": [3.484, 7.984, 0.016, 4.516], "texture": "#3"},
				"down": {"uv": [6.984, 4.516, 3.516, 7.984], "texture": "#3"}
			}
		},
		{
			"from": [4.5, 6.1, 4.5],
			"to": [11.5, 6.1, 11.5],
			"rotation": {"angle": 0, "axis": "y", "origin": [3.5, 4.1, 3.5]},
			"faces": {
				"north": {"uv": [0.016, 0.016, 3.484, 0.016], "texture": "#3"},
				"east": {"uv": [0.016, 0.016, 3.484, 0.016], "texture": "#3"},
				"south": {"uv": [0.016, 0.016, 3.484, 0.016], "texture": "#3"},
				"west": {"uv": [0.016, 0.016, 3.484, 0.016], "texture": "#3"},
				"up": {"uv": [10.484, 7.984, 7.016, 4.516], "texture": "#3"},
				"down": {"uv": [10.484, 4.516, 7.016, 7.984], "texture": "#3"}
			}
		},
		{
			"from": [7.5, 4, 7.5],
			"to": [8.5, 6, 8.5],
			"rotation": {"angle": 0, "axis": "y", "origin": [3.5, 3, 3.5]},
			"faces": {
				"north": {"uv": [7.516, 9.516, 7.984, 10.484], "texture": "#3"},
				"east": {"uv": [8.016, 9.516, 8.484, 10.484], "texture": "#3"},
				"south": {"uv": [8.516, 9.516, 8.984, 10.484], "texture": "#3"},
				"west": {"uv": [9.016, 9.516, 9.484, 10.484], "texture": "#3"},
				"up": {"uv": [9.984, 9.984, 9.516, 9.516], "texture": "#3"},
				"down": {"uv": [3.984, 10.016, 3.516, 10.484], "texture": "#3"}
			}
		}
	],
	"gui_light": "front",
	"display": {
		"thirdperson_righthand": {
			"rotation": [28, 0, 0],
			"translation": [0.5, 3.5, 1],
			"scale": [0.7, 0.7, 0.7]
		},
		"thirdperson_lefthand": {
			"rotation": [28, 0, 0],
			"translation": [0.5, 3.5, 1],
			"scale": [0.7, 0.7, 0.7]
		},
		"firstperson_righthand": {
			"rotation": [5, 38, 0],
			"translation": [1, 6.75, 0.75]
		},
		"firstperson_lefthand": {
			"rotation": [5, 38, 0],
			"translation": [1, 6.75, 0.75]
		},
		"ground": {
			"translation": [0, 2.5, 0],
			"scale": [0.7, 0.7, 0.7]
		},
		"gui": {
			"rotation": [23, 135, 0],
			"translation": [0, 6.5, 0],
			"scale": [1.2, 1.2, 1.2]
		},
		"head": {
			"rotation": [8, 0, 0],
			"translation": [0, 16, 1.5],
			"scale": [2, 2, 2]
		},
		"fixed": {
			"rotation": [-90, 0, 0],
			"translation": [0, 1.25, -20],
			"scale": [2.5, 2.5, 2.5]
		}
	}
}