{
	"credit": "Made with Blockbench",
	"texture_size": [64, 64],
	"textures": {
		"0": "item/wizards_hat_pink",
		"particle": "item/wizards_hat_pink"
	},
	"elements": [
		{
			"from": [1, 0, 2],
			"to": [15, 1, 14],
			"rotation": {"angle": 0, "axis": "y", "origin": [8, -8, 8]},
			"faces": {
				"north": {"uv": [7.508, 3.508, 10.992, 3.742], "texture": "#0"},
				"east": {"uv": [7.508, 6.008, 10.492, 6.242], "texture": "#0"},
				"south": {"uv": [7.508, 3.758, 10.992, 3.992], "texture": "#0"},
				"west": {"uv": [7.508, 6.258, 10.492, 6.492], "texture": "#0"},
				"up": {"uv": [3.492, 2.992, 0.008, 0.008], "texture": "#0"},
				"down": {"uv": [3.492, 3.008, 0.008, 5.992], "texture": "#0"}
			}
		},
		{
			"from": [2, 0, 14],
			"to": [14, 1, 15],
			"rotation": {"angle": 0, "axis": "y", "origin": [8, -8, 8]},
			"faces": {
				"north": {"uv": [7.508, 6.508, 10.492, 6.742], "texture": "#0"},
				"east": {"uv": [2.008, 6.508, 2.242, 6.742], "texture": "#0"},
				"south": {"uv": [7.758, 7.758, 10.742, 7.992], "texture": "#0"},
				"west": {"uv": [2.258, 6.508, 2.492, 6.742], "texture": "#0"},
				"up": {"uv": [10.742, 8.242, 7.758, 8.008], "texture": "#0"},
				"down": {"uv": [11.242, 0.008, 8.258, 0.242], "texture": "#0"}
			}
		},
		{
			"from": [2, 0, 1],
			"to": [14, 1, 2],
			"rotation": {"angle": 0, "axis": "y", "origin": [8, -8, 8]},
			"faces": {
				"north": {"uv": [8.258, 0.258, 11.242, 0.492], "texture": "#0"},
				"east": {"uv": [2.508, 6.508, 2.742, 6.742], "texture": "#0"},
				"south": {"uv": [8.258, 0.508, 11.242, 0.742], "texture": "#0"},
				"west": {"uv": [2.758, 6.508, 2.992, 6.742], "texture": "#0"},
				"up": {"uv": [11.242, 0.992, 8.258, 0.758], "texture": "#0"},
				"down": {"uv": [11.242, 1.008, 8.258, 1.242], "texture": "#0"}
			}
		},
		{
			"from": [4, 1, 4],
			"to": [12, 5, 12],
			"rotation": {"angle": 0, "axis": "y", "origin": [8, -8, 8]},
			"faces": {
				"north": {"uv": [5.508, 3.008, 7.492, 3.992], "texture": "#0"},
				"east": {"uv": [3.508, 5.758, 5.492, 6.742], "texture": "#0"},
				"south": {"uv": [5.508, 5.758, 7.492, 6.742], "texture": "#0"},
				"west": {"uv": [0.008, 6.008, 1.992, 6.992], "texture": "#0"},
				"up": {"uv": [5.492, 1.992, 3.508, 0.008], "texture": "#0"},
				"down": {"uv": [5.492, 2.008, 3.508, 3.992], "texture": "#0"}
			}
		},
		{
			"from": [4.5, 2.4797, 0.3296],
			"to": [11.5, 6.4797, 7.3296],
			"rotation": {"angle": 22.5, "axis": "x", "origin": [8, -8, 8]},
			"faces": {
				"north": {"uv": [2.008, 6.758, 3.742, 7.742], "texture": "#0"},
				"east": {"uv": [3.758, 6.758, 5.492, 7.742], "texture": "#0"},
				"south": {"uv": [5.508, 6.758, 7.242, 7.742], "texture": "#0"},
				"west": {"uv": [0.008, 7.008, 1.742, 7.992], "texture": "#0"},
				"up": {"uv": [5.242, 5.742, 3.508, 4.008], "texture": "#0"},
				"down": {"uv": [6.992, 4.008, 5.258, 5.742], "texture": "#0"}
			}
		},
		{
			"from": [5, 2.44216, -3.62767],
			"to": [11, 6.44216, 2.37233],
			"rotation": {"angle": 45, "axis": "x", "origin": [8, -8, 8]},
			"faces": {
				"north": {"uv": [7.008, 4.008, 8.492, 4.992], "texture": "#0"},
				"east": {"uv": [7.258, 6.758, 8.742, 7.742], "texture": "#0"},
				"south": {"uv": [7.508, 2.508, 8.992, 3.492], "texture": "#0"},
				"west": {"uv": [7.508, 5.008, 8.992, 5.992], "texture": "#0"},
				"up": {"uv": [6.992, 1.492, 5.508, 0.008], "texture": "#0"},
				"down": {"uv": [6.992, 1.508, 5.508, 2.992], "texture": "#0"}
			}
		},
		{
			"from": [5.5, 2.26934, 16.8931],
			"to": [10.5, 7.26934, 20.8931],
			"rotation": {"angle": -22.5, "axis": "x", "origin": [8, -8, 8]},
			"faces": {
				"north": {"uv": [7.008, 0.008, 8.242, 1.242], "texture": "#0"},
				"east": {"uv": [1.758, 7.758, 2.742, 8.992], "texture": "#0"},
				"south": {"uv": [7.008, 1.258, 8.242, 2.492], "texture": "#0"},
				"west": {"uv": [2.758, 7.758, 3.742, 8.992], "texture": "#0"},
				"up": {"uv": [4.992, 8.742, 3.758, 7.758], "texture": "#0"},
				"down": {"uv": [6.242, 7.758, 5.008, 8.742], "texture": "#0"}
			}
		},
		{
			"from": [6.5, 1.26934, 20.8931],
			"to": [9.5, 6.26934, 22.8931],
			"rotation": {"angle": -22.5, "axis": "x", "origin": [8, -8, 8]},
			"faces": {
				"north": {"uv": [6.258, 7.758, 6.992, 8.992], "texture": "#0"},
				"east": {"uv": [0.008, 8.008, 0.492, 9.242], "texture": "#0"},
				"south": {"uv": [7.008, 7.758, 7.742, 8.992], "texture": "#0"},
				"west": {"uv": [0.508, 8.008, 0.992, 9.242], "texture": "#0"},
				"up": {"uv": [2.742, 6.492, 2.008, 6.008], "texture": "#0"},
				"down": {"uv": [3.492, 6.008, 2.758, 6.492], "texture": "#0"}
			}
		}
	],
	"gui_light": "front",
	"display": {
		"thirdperson_righthand": {
			"rotation": [0, 17, 0],
			"translation": [0, 3.75, 0],
			"scale": [0.5, 0.5, 0.5]
		},
		"thirdperson_lefthand": {
			"rotation": [0, 17, 0],
			"translation": [0, 3.75, 0],
			"scale": [0.5, 0.5, 0.5]
		},
		"firstperson_righthand": {
			"rotation": [-26, 17, 0],
			"translation": [0, 4.25, 1.75],
			"scale": [0.5, 0.5, 0.5]
		},
		"firstperson_lefthand": {
			"rotation": [-26, 17, 0],
			"translation": [0, 4.25, 1.75],
			"scale": [0.5, 0.5, 0.5]
		},
		"ground": {
			"translation": [0, 1.5, 0],
			"scale": [0.5, 0.5, 0.5]
		},
		"gui": {
			"rotation": [30, 135, 0],
			"translation": [0, 1.75, 0],
			"scale": [0.8, 0.8, 0.8]
		},
		"head": {
			"rotation": [11, 0, 0],
			"translation": [0, 17.25, 2.75],
			"scale": [2, 2, 2]
		},
		"fixed": {
			"rotation": [-90, 0, 0],
			"translation": [0, 0, -13.25],
			"scale": [1.7, 1.7, 1.7]
		}
	},
	"groups": [
		{
			"name": "hat",
			"origin": [8, 6.2903, 5.21224],
			"color": 0,
			"children": [0, 1, 2, 3, 4, 5, 6, 7]
		}
	]
}